{
  "ref_model": "gemma",
  "target_model": "qwen",
  "n_paired_rows": 948,
  "gemma_deepest_layer": 57,
  "qwen_deepest_layer": 61,
  "cka_deepest_pair": 0.9295074939727783,
  "cka_max": 0.9387011528015137,
  "cka_max_layers": [
    55,
    54
  ],
  "cca_top10_correlations": [
    0.9957024630852273,
    0.9900950142129759,
    0.9819828995526693,
    0.9791448842024976,
    0.9701272595096992,
    0.9537964323157105,
    0.9476605439721443,
    0.9100552970339937,
    0.9201349250773545,
    0.8941066625898576
  ]
}