{
  "reference_model": "gemma",
  "common_quadrants": [
    "HP",
    "LP",
    "HN-D",
    "HN-S",
    "LN",
    "NB"
  ],
  "rep": "h_first.layer-stack",
  "models": {
    "gemma": {
      "n_rows": 960,
      "explained_variance_ratio_pc123": [
        0.3019205927848816,
        0.15701554715633392,
        0.09273187071084976
      ],
      "centroids_3d": {
        "HP": [
          73.42364501953125,
          -116.468505859375,
          -36.758522033691406
        ],
        "LP": [
          91.22111511230469,
          35.67354965209961,
          -13.12304401397705
        ],
        "HN-D": [
          -113.80534362792969,
          -27.77073097229004,
          50.68596267700195
        ],
        "HN-S": [
          -88.74360656738281,
          -10.923343658447266,
          4.954493522644043
        ],
        "LN": [
          -57.49372482299805,
          65.59843444824219,
          -64.09518432617188
        ],
        "NB": [
          95.39803314208984,
          53.890663146972656,
          58.336082458496094
        ]
      },
      "procrustes_rotation_deg": 0.0,
      "procrustes_residual": 0.0,
      "procrustes_R": [
        [
          1.0,
          0.0,
          0.0
        ],
        [
          0.0,
          1.0,
          0.0
        ],
        [
          0.0,
          0.0,
          1.0
        ]
      ]
    },
    "qwen": {
      "n_rows": 949,
      "explained_variance_ratio_pc123": [
        0.30527544021606445,
        0.17291897535324097,
        0.09497196227312088
      ],
      "centroids_3d": {
        "HP": [
          84.45134735107422,
          -179.43406677246094,
          -63.33451843261719
        ],
        "LP": [
          157.18577575683594,
          49.02323532104492,
          -3.305478572845459
        ],
        "HN-D": [
          -185.225341796875,
          -45.28669357299805,
          80.39080810546875
        ],
        "HN-S": [
          -112.2245864868164,
          7.644622802734375,
          -18.67150115966797
        ],
        "LN": [
          -71.57502746582031,
          112.6175308227539,
          -82.41082763671875
        ],
        "NB": [
          130.0920867919922,
          57.1461296081543,
          88.50821685791016
        ]
      },
      "procrustes_rotation_deg": 8.190743304997879,
      "procrustes_residual": 32.55878829956055,
      "procrustes_R": [
        [
          0.9943205118179321,
          0.09377466142177582,
          -0.05033192038536072
        ],
        [
          -0.09813698381185532,
          0.9908515214920044,
          -0.09264187514781952
        ],
        [
          0.04118397831916809,
          0.09705518931150436,
          0.9944264888763428
        ]
      ]
    },
    "ministral": {
      "n_rows": 900,
      "explained_variance_ratio_pc123": [
        0.21666863560676575,
        0.14273113012313843,
        0.08287423849105835
      ],
      "centroids_3d": {
        "HP": [
          18.231163024902344,
          -51.03612518310547,
          -16.461204528808594
        ],
        "LP": [
          33.00917053222656,
          13.273618698120117,
          -15.104671478271484
        ],
        "HN-D": [
          -36.92787170410156,
          7.478265762329102,
          5.348910331726074
        ],
        "HN-S": [
          -28.010801315307617,
          1.0551080703735352,
          5.504157066345215
        ],
        "LN": [
          -27.87567710876465,
          6.909512519836426,
          -1.7002745866775513
        ],
        "NB": [
          41.743961334228516,
          20.80215072631836,
          20.45286750793457
        ]
      },
      "procrustes_rotation_deg": 10.197768496147086,
      "procrustes_residual": 104.81666564941406,
      "procrustes_R": [
        [
          0.986762523651123,
          0.09017297625541687,
          0.13479110598564148
        ],
        [
          -0.09961157292127609,
          0.9929019212722778,
          0.0649900734424591
        ],
        [
          -0.12797395884990692,
          -0.07755649089813232,
          0.9887405633926392
        ]
      ]
    },
    "gpt_oss_20b": {
      "n_rows": 959,
      "explained_variance_ratio_pc123": [
        0.15829171240329742,
        0.12533122301101685,
        0.09542053937911987
      ],
      "centroids_3d": {
        "HP": [
          257.7399597167969,
          -1805.199462890625,
          578.5880126953125
        ],
        "LP": [
          -1141.3380126953125,
          -155.28912353515625,
          -236.35574340820312
        ],
        "HN-D": [
          1075.952880859375,
          658.3724365234375,
          -30.07456398010254
        ],
        "HN-S": [
          590.5769653320312,
          653.1629638671875,
          499.8272399902344
        ],
        "LN": [
          482.18359375,
          528.4987182617188,
          41.72386932373047
        ],
        "NB": [
          -1272.248779296875,
          119.48172760009766,
          -855.1845703125
        ]
      },
      "procrustes_rotation_deg": 167.17914757353523,
      "procrustes_residual": 114.08615112304688,
      "procrustes_R": [
        [
          -0.7833422422409058,
          -0.5799844264984131,
          0.2235911637544632
        ],
        [
          -0.5892038941383362,
          0.8074212074279785,
          0.0301598459482193
        ],
        [
          -0.19802449643611908,
          -0.10811522603034973,
          -0.9742162823677063
        ]
      ]
    },
    "granite": {
      "n_rows": 699,
      "explained_variance_ratio_pc123": [
        0.2755574584007263,
        0.1377326101064682,
        0.07556206732988358
      ],
      "centroids_3d": {
        "HP": [
          87.5468978881836,
          125.74951934814453,
          31.899173736572266
        ],
        "LP": [
          97.88108825683594,
          -35.243778228759766,
          6.288176536560059
        ],
        "HN-D": [
          -77.37711334228516,
          12.944122314453125,
          -3.146296262741089
        ],
        "HN-S": [
          -52.64399337768555,
          13.012699127197266,
          -41.00077438354492
        ],
        "LN": [
          -32.84141540527344,
          -42.50947189331055,
          55.30055236816406
        ],
        "NB": [
          85.31885528564453,
          -45.33349609375,
          -31.930891036987305
        ]
      },
      "procrustes_rotation_deg": 175.4414684931742,
      "procrustes_residual": 76.12651062011719,
      "procrustes_R": [
        [
          0.9998507499694824,
          -0.0006505222991108894,
          -0.01726936548948288
        ],
        [
          -0.002021119464188814,
          -0.9968359470367432,
          -0.07946531474590302
        ],
        [
          -0.017163025215268135,
          0.07948821783065796,
          -0.9966881275177002
        ]
      ]
    }
  }
}