{
  "reference_model": "gemma",
  "common_quadrants": [
    "HP",
    "LP",
    "HN-D",
    "HN-S",
    "LN",
    "NB"
  ],
  "rep": "h_first.layer-stack",
  "models": {
    "gemma": {
      "n_rows": 960,
      "explained_variance_ratio_pc123": [
        0.301920622587204,
        0.15701603889465332,
        0.09273231029510498
      ],
      "centroids_3d": {
        "HP": [
          73.42424774169922,
          -116.4687271118164,
          -36.75835037231445
        ],
        "LP": [
          91.22068786621094,
          35.673763275146484,
          -13.123128890991211
        ],
        "HN-D": [
          -113.8053207397461,
          -27.77096939086914,
          50.68642044067383
        ],
        "HN-S": [
          -88.74360656738281,
          -10.923380851745605,
          4.954054832458496
        ],
        "LN": [
          -57.49379348754883,
          65.59822845458984,
          -64.09513854980469
        ],
        "NB": [
          95.39813232421875,
          53.890968322753906,
          58.33607864379883
        ]
      },
      "procrustes_rotation_deg": 0.0,
      "procrustes_residual": 0.0,
      "procrustes_R": [
        [
          1.0,
          0.0,
          0.0
        ],
        [
          0.0,
          1.0,
          0.0
        ],
        [
          0.0,
          0.0,
          1.0
        ]
      ]
    },
    "qwen": {
      "n_rows": 949,
      "explained_variance_ratio_pc123": [
        0.3052753508090973,
        0.17291897535324097,
        0.09497181326150894
      ],
      "centroids_3d": {
        "HP": [
          84.45106506347656,
          -179.4338836669922,
          -63.334991455078125
        ],
        "LP": [
          157.18568420410156,
          49.02326202392578,
          -3.3051016330718994
        ],
        "HN-D": [
          -185.22543334960938,
          -45.286865234375,
          80.390869140625
        ],
        "HN-S": [
          -112.2246322631836,
          7.644778251647949,
          -18.671733856201172
        ],
        "LN": [
          -71.5748519897461,
          112.61785125732422,
          -82.41056060791016
        ],
        "NB": [
          130.09225463867188,
          57.145538330078125,
          88.50794219970703
        ]
      },
      "procrustes_rotation_deg": 8.191030949422322,
      "procrustes_residual": 32.55881118774414,
      "procrustes_R": [
        [
          0.9943202137947083,
          0.09377802163362503,
          -0.05033222958445549
        ],
        [
          -0.09814052283763885,
          0.9908509254455566,
          -0.09264637529850006
        ],
        [
          0.04118352755904198,
          0.09705965965986252,
          0.9944261312484741
        ]
      ]
    },
    "ministral": {
      "n_rows": 900,
      "explained_variance_ratio_pc123": [
        0.21666857600212097,
        0.14273081719875336,
        0.0828741192817688
      ],
      "centroids_3d": {
        "HP": [
          18.230998992919922,
          -51.03607177734375,
          -16.461217880249023
        ],
        "LP": [
          33.009239196777344,
          13.273524284362793,
          -15.104570388793945
        ],
        "HN-D": [
          -36.92784881591797,
          7.478440284729004,
          5.348814487457275
        ],
        "HN-S": [
          -28.01080322265625,
          1.0551767349243164,
          5.504100322723389
        ],
        "LN": [
          -27.875648498535156,
          6.909580230712891,
          -1.7002074718475342
        ],
        "NB": [
          41.74396514892578,
          20.80206871032715,
          20.4528865814209
        ]
      },
      "procrustes_rotation_deg": 10.197884231070066,
      "procrustes_residual": 104.81707763671875,
      "procrustes_R": [
        [
          0.9867622256278992,
          0.0901787057518959,
          0.13478930294513702
        ],
        [
          -0.09961683303117752,
          0.9929013252258301,
          0.0649871826171875
        ],
        [
          -0.12797203660011292,
          -0.07755404710769653,
          0.9887408018112183
        ]
      ]
    },
    "gpt_oss_20b": {
      "n_rows": 959,
      "explained_variance_ratio_pc123": [
        0.15829184651374817,
        0.125331312417984,
        0.09542058408260345
      ],
      "centroids_3d": {
        "HP": [
          257.7423400878906,
          -1805.198974609375,
          578.5911865234375
        ],
        "LP": [
          -1141.3382568359375,
          -155.29083251953125,
          -236.3541717529297
        ],
        "HN-D": [
          1075.9537353515625,
          658.3739013671875,
          -30.076486587524414
        ],
        "HN-S": [
          590.5777587890625,
          653.165283203125,
          499.8247985839844
        ],
        "LN": [
          482.18304443359375,
          528.4998779296875,
          41.7227668762207
        ],
        "NB": [
          -1272.250732421875,
          119.47840881347656,
          -855.1848754882812
        ]
      },
      "procrustes_rotation_deg": 167.17914757353523,
      "procrustes_residual": 114.08592224121094,
      "procrustes_R": [
        [
          -0.7833399772644043,
          -0.5799869894981384,
          0.22359149158000946
        ],
        [
          -0.589207112789154,
          0.8074190616607666,
          0.030156821012496948
        ],
        [
          -0.19802255928516388,
          -0.10811862349510193,
          -0.9742164015769958
        ]
      ]
    },
    "granite": {
      "n_rows": 699,
      "explained_variance_ratio_pc123": [
        0.2755575180053711,
        0.13773268461227417,
        0.07556196302175522
      ],
      "centroids_3d": {
        "HP": [
          87.5468978881836,
          125.74957275390625,
          31.899078369140625
        ],
        "LP": [
          97.88121032714844,
          -35.24369812011719,
          6.288239479064941
        ],
        "HN-D": [
          -77.37708282470703,
          12.944086074829102,
          -3.1465587615966797
        ],
        "HN-S": [
          -52.64398193359375,
          13.012646675109863,
          -41.000423431396484
        ],
        "LN": [
          -32.84134292602539,
          -42.50940704345703,
          55.30073165893555
        ],
        "NB": [
          85.3188247680664,
          -45.33357238769531,
          -31.93096351623535
        ]
      },
      "procrustes_rotation_deg": 175.44127513523486,
      "procrustes_residual": 76.12654113769531,
      "procrustes_R": [
        [
          0.999850869178772,
          -0.000647843349725008,
          -0.017269985750317574
        ],
        [
          -0.0020184123422950506,
          -0.9968355298042297,
          -0.07946465909481049
        ],
        [
          -0.017163841053843498,
          0.07948765903711319,
          -0.9966881275177002
        ]
      ]
    }
  }
}