{
  "model": "qwen",
  "layer": 59,
  "n_rows_total": 956,
  "n_rows_kept": 871,
  "min_n": 5,
  "n_faces_total": 89,
  "n_faces_kept": 33,
  "hidden_to_face": {
    "accuracy": 0.41102181400688864,
    "macro_f1": 0.1392814388063591,
    "majority_baseline": 0.12629161882893225,
    "uniform_baseline": 0.030303030303030304,
    "n_classes": 33,
    "n_splits": 3,
    "cv": "StratifiedGroupKFold",
    "per_class_recall": {
      "(\u256f\u00b0\u25a1\u00b0)": 0.9545454545454546,
      "(;\u03c9;)": 0.6282051282051282,
      "(>_<)": 0.8378378378378378,
      "(;\u00b4\u0434`)": 0.4827586206896552,
      "(\u2267\u203f\u2266)": 0.34545454545454546,
      "(\uff89>\u03c9<)": 0.7735849056603774,
      "(\u00b4\u30fb\u03c9\u30fb`)": 0.2553191489361702,
      "(\uff89\u25d5\u30ee\u25d5)": 0.22727272727272727,
      "(\u02d8\u00b3\u02d8)": 0.2702702702702703,
      "(\u30fb_\u30fb;)": 0.21875,
      "(\u00b4\uff61\u30fb\u203f\u30fb\uff61`)": 0.4666666666666667,
      "(\u2565\ufe4f\u2565)": 0.0,
      "(;\u2032\u2312`)": 0.041666666666666664,
      "(\uff61\u30fb\u0301\ufe3f\u30fb\u0300\uff61)": 0.0,
      "(\u2565_\u2565)": 0.0,
      "(\u2267\u25bd\u2266)": 0.0,
      "(\u30fb\u2200\u30fb)": 0.0,
      "(\u25d5\u203f\u25d5\u273f)": 0.0,
      "(=^\u30fb\u03c9\u30fb^=)": 0.0,
      "(\u00ac\u203f\u00ac)": 0.0,
      "(\u25d5\u203f\u25d5)": 0.0,
      "(\u25d5\u203f\u25d5\ufffd": 0.0,
      "(\u00b4\u25bd`\u0283\u2661\u01aa)": 0.0,
      "(;;)": 0.0,
      "(\u2299_\u2299;)": 0.0,
      "(\u30fb_\u30fb)": 0.0,
      "(\u273f\u25e0\u203f\u25e0)": 0.0,
      "(>_<;)": 0.0,
      "(\u2044": 0.0,
      "(\u30fb\u0300\u203f\u30fb\u0301)": 0.0,
      "(\u00ac_\u00ac)": 0.0,
      "(\u30fb\u0300\u03c9\u30fb\u0301)": 0.0,
      "(>\ufe4f<)": 0.0
    }
  },
  "hidden_to_quadrant": {
    "accuracy": 0.9832635983263598,
    "macro_f1": 0.9822353472131798,
    "majority_baseline": 0.33368200836820083,
    "uniform_baseline": 0.2,
    "n_classes": 5,
    "n_splits": 5,
    "cv": "StratifiedGroupKFold",
    "per_class_recall": {
      "HN": 1.0,
      "HP": 1.0,
      "LP": 1.0,
      "LN": 0.949685534591195,
      "NB": 0.9493670886075949
    }
  },
  "face_to_hidden_eta2": {
    "pcs": [
      {
        "pc": 1,
        "explained_variance_ratio": 0.31958696246147156,
        "eta_squared": 0.8932063579559326
      },
      {
        "pc": 2,
        "explained_variance_ratio": 0.18416565656661987,
        "eta_squared": 0.8067113757133484
      },
      {
        "pc": 3,
        "explained_variance_ratio": 0.09543019533157349,
        "eta_squared": 0.7492408752441406
      },
      {
        "pc": 4,
        "explained_variance_ratio": 0.0676608458161354,
        "eta_squared": 0.5778428316116333
      },
      {
        "pc": 5,
        "explained_variance_ratio": 0.04157679155468941,
        "eta_squared": 0.445485383272171
      }
    ],
    "weighted_eta2_top_k": 0.5631450276899695,
    "topk_explained_variance": 0.70842045545578,
    "weighted_eta2_normalized": 0.7949305011635444
  },
  "centroid_approximation_quality": {
    "n_rows": 871,
    "n_features": 5120,
    "face": {
      "r2": 0.5837196711448729,
      "mean_centered_cosine": 0.7527924978968726,
      "median_centered_cosine": 0.8153339624404907,
      "mean_error_over_baseline": 0.6218087077140808
    },
    "quadrant": {
      "r2": 0.5574439805767331,
      "mean_centered_cosine": 0.7385766585747766,
      "median_centered_cosine": 0.7777324914932251,
      "mean_error_over_baseline": 0.6546034812927246
    }
  }
}