{
  "model": "qwen",
  "layer": 59,
  "n_rows_total": 984,
  "n_rows_kept": 922,
  "min_n": 5,
  "n_faces_total": 67,
  "n_faces_kept": 31,
  "hidden_to_face": {
    "accuracy": 0.34164859002169196,
    "macro_f1": 0.19523034280490925,
    "majority_baseline": 0.11496746203904555,
    "uniform_baseline": 0.03225806451612903,
    "n_classes": 31,
    "per_class_recall": {
      "(\u2267\u203f\u2266)": 0.5188679245283019,
      "(;\u03c9;)": 0.7528089887640449,
      "(;\u00b4\u0434`)": 0.3409090909090909,
      "(\u256f\u00b0\u25a1\u00b0)": 0.64,
      "(\uff89\u25d5\u30ee\u25d5)": 0.1111111111111111,
      "(>_<)": 0.6551724137931034,
      "(\uff89>\u03c9<)": 0.36538461538461536,
      "(\u2565\ufe4f\u2565)": 0.1276595744680851,
      "(;\u2032\u2312`)": 0.024390243902439025,
      "(\u2267\u25bd\u2266)": 0.0,
      "(\u02d8\u00b3\u02d8)": 0.3,
      "(\u00b4\u30fb\u03c9\u30fb`)": 0.3333333333333333,
      "(\u2565_\u2565)": 0.0,
      "(\uff61\u30fb\u0301\ufe3f\u30fb\u0300\uff61)": 0.0,
      "(\u00b4\uff61\u30fb\u203f\u30fb\uff61`)": 0.23809523809523808,
      "(\u25d5\u203f\u25d5\u273f)": 0.0,
      "(\u00b4\u25bd`\u0283\u2661\u01aa)": 0.1875,
      "(\u00ac_\u00ac)": 0.09090909090909091,
      "(;;)": 0.0,
      "(=^\u30fb\u03c9\u30fb^=)": 0.8,
      "(\u2299_\u2299;)": 0.4444444444444444,
      "(\u25d5\u203f\u25d5)": 0.0,
      "(\u02c3\u0324\u0301\ua4b3\u02c2\u0324\u0300)": 0.0,
      "(\u30fb\u0300\u203f\u30fb\u0301)": 0.0,
      "(\u30fb_\u30fb;)": 0.5,
      "(>\ufe4f<)": 0.0,
      "(\uff61\u2665\u203f\u2665\uff61)": 0.0,
      "(\u273f\u25e0\u203f\u25e0)": 0.0,
      "(\u02c3\u0324\u0301\u03b5\u02c2\u0324\u0300)": 0.0,
      "(\uffe3\u25bd\uffe3)": 0.0,
      "(>_<;)": 0.0
    }
  },
  "hidden_to_quadrant": {
    "accuracy": 1.0,
    "macro_f1": 1.0,
    "majority_baseline": 0.34959349593495936,
    "uniform_baseline": 0.2,
    "n_classes": 5,
    "per_class_recall": {
      "HN": 1.0,
      "HP": 1.0,
      "LP": 1.0,
      "LN": 1.0,
      "NB": 1.0
    }
  },
  "face_to_hidden_eta2": {
    "pcs": [
      {
        "pc": 1,
        "explained_variance_ratio": 0.40224939584732056,
        "eta_squared": 0.9365503787994385
      },
      {
        "pc": 2,
        "explained_variance_ratio": 0.13104064762592316,
        "eta_squared": 0.6666576862335205
      },
      {
        "pc": 3,
        "explained_variance_ratio": 0.08757845312356949,
        "eta_squared": 0.48853006958961487
      },
      {
        "pc": 4,
        "explained_variance_ratio": 0.05266054719686508,
        "eta_squared": 0.44811877608299255
      },
      {
        "pc": 5,
        "explained_variance_ratio": 0.03272033482789993,
        "eta_squared": 0.4014313519001007
      }
    ],
    "weighted_eta2_top_k": 0.5436039350028092,
    "topk_explained_variance": 0.7062493562698364,
    "weighted_eta2_normalized": 0.7697053882978899
  },
  "centroid_approximation_quality": {
    "n_rows": 922,
    "n_features": 5120,
    "face": {
      "r2": 0.5703260840183509,
      "mean_centered_cosine": 0.7449087338974606,
      "median_centered_cosine": 0.7852774858474731,
      "mean_error_over_baseline": 0.6417224407196045
    },
    "quadrant": {
      "r2": 0.5200618230749722,
      "mean_centered_cosine": 0.7126511938368938,
      "median_centered_cosine": 0.7602460384368896,
      "mean_error_over_baseline": 0.6856433153152466
    }
  }
}