{
  "model": "qwen",
  "rep": "h_first.layer-stack",
  "n_rows_total": 949,
  "n_rows_kept": 813,
  "min_n": 5,
  "n_faces_total": 143,
  "n_faces_kept": 43,
  "hidden_to_face": {
    "accuracy": 0.2656826568265683,
    "macro_f1": 0.08026166284164303,
    "majority_baseline": 0.1045510455104551,
    "uniform_baseline": 0.023255813953488372,
    "n_classes": 43,
    "n_splits": 4,
    "cv": "StratifiedGroupKFold",
    "per_class_recall": {
      "(\u256f\u00b0\u25a1\u00b0)": 0.8470588235294118,
      "(\u00b4\u30fb\u03c9\u30fb`)": 0.54,
      "(;\u03c9;)": 0.6170212765957447,
      "(\uff89\u25d5\u30ee\u25d5)": 0.6428571428571429,
      "(\u2267\u203f\u2266)": 0.3333333333333333,
      "(;\u00b4\u0434`)": 0.15789473684210525,
      "(>_<)": 0.5405405405405406,
      "(\uff89>\u03c9<)": 0.23529411764705882,
      "(\uff61\u30fb\u0301\ufe3f\u30fb\u0300\uff61)": 0.0,
      "(\u2565\ufe4f\u2565)": 0.0,
      "(\u02d8\u00b3\u02d8)": 0.14814814814814814,
      "(\u2565_\u2565)": 0.1111111111111111,
      "(;\u2032\u2312`)": 0.08,
      "(\u25d5\u203f\u25d5\u273f)": 0.0,
      "(\u2267\u25bd\u2266)": 0.0,
      "(T_T)": 0.0,
      "(\u30fb_\u30fb;)": 0.0,
      "(>\ufe4f<)": 0.11764705882352941,
      "(\u00ac_\u00ac)": 0.14285714285714285,
      "(=^\u30fb\u03c9\u30fb^=)": 0.0,
      "(>_<;)": 0.0,
      "(\u30fb\u2200\u30fb)": 0.0,
      "(;\u00b4\u0f0e\u0eb6\u0434\u0f0e\u0eb6`)": 0.0,
      "(\u2727\u03c9\u2727)": 0.0,
      "(\u2299_\u2299;)": 0.0,
      "(\u00ac\u203f\u00ac)": 0.0,
      "(\u30fb\u0300\u203f\u30fb\u0301)": 0.0,
      "(\u25d5\u203f\u25d5)": 0.0,
      "(\u273f\u25e0\u203f\u25e0)": 0.0,
      "(\u2044": 0.0,
      "(\u00b4\uff61\u30fb\u203f\u30fb\uff61`)": 0.0,
      "(\u00b4\u25bd`\u0283\u2661\u01aa)": 0.0,
      "(>\ufe4f<\uff61)": 0.0,
      "(\u30fb\u03c9\u30fb)": 0.0,
      "(;;)": 0.0,
      "(\u30fb_\u30fb)": 0.0,
      "(\u0e51\u30fb\u0300\u3142\u30fb\u0301)": 0.0,
      "(\u0e51>\u203f<\u0e51)": 0.0,
      "(\uff61\u2665\u203f\u2665\uff61)": 0.0,
      "(\u0ca0_\u0ca0)": 0.0,
      "(\u02c3\u2311\u02c2)": 0.0,
      "(\u30fb\u0300\u03c9\u30fb\u0301)": 0.0,
      "(\u00b4;\u03c9;`)": 0.0
    }
  },
  "hidden_to_quadrant": {
    "accuracy": 0.9852476290832455,
    "macro_f1": 0.9840752764330192,
    "majority_baseline": 0.3350895679662803,
    "uniform_baseline": 0.2,
    "n_classes": 5,
    "n_splits": 5,
    "cv": "StratifiedGroupKFold",
    "per_class_recall": {
      "HN": 1.0,
      "HP": 1.0,
      "LN": 0.9493670886075949,
      "LP": 1.0,
      "NB": 0.9617834394904459
    }
  },
  "face_to_hidden_eta2": {
    "pcs": [
      {
        "pc": 1,
        "explained_variance_ratio": 0.3118036687374115,
        "eta_squared": 0.8516660928726196
      },
      {
        "pc": 2,
        "explained_variance_ratio": 0.17737030982971191,
        "eta_squared": 0.7257517576217651
      },
      {
        "pc": 3,
        "explained_variance_ratio": 0.09686434268951416,
        "eta_squared": 0.622540295124054
      },
      {
        "pc": 4,
        "explained_variance_ratio": 0.06706639379262924,
        "eta_squared": 0.48710983991622925
      },
      {
        "pc": 5,
        "explained_variance_ratio": 0.0421672984957695,
        "eta_squared": 0.3661327064037323
      }
    ],
    "weighted_eta2_top_k": 0.5026889103547745,
    "topk_explained_variance": 0.6952720284461975,
    "weighted_eta2_normalized": 0.7230104042560002
  },
  "centroid_approximation_quality": {
    "n_rows": 813,
    "n_features": 307200,
    "face": {
      "r2": 0.523490977045632,
      "mean_centered_cosine": 0.7119386760745058,
      "median_centered_cosine": 0.7818444967269897,
      "mean_error_over_baseline": 0.6684516072273254
    },
    "quadrant": {
      "r2": 0.5473137811662705,
      "mean_centered_cosine": 0.7290286697071563,
      "median_centered_cosine": 0.7748799324035645,
      "mean_error_over_baseline": 0.664984405040741
    }
  }
}