{
  "model": "qwen",
  "layer": 59,
  "n_rows_total": 984,
  "n_rows_kept": 922,
  "min_n": 5,
  "n_faces_total": 67,
  "n_faces_kept": 31,
  "hidden_to_face": {
    "accuracy": 0.3893709327548807,
    "macro_f1": 0.14740422416708643,
    "majority_baseline": 0.11496746203904555,
    "uniform_baseline": 0.03225806451612903,
    "n_classes": 31,
    "n_splits": 3,
    "cv": "StratifiedGroupKFold",
    "per_class_recall": {
      "(\u2267\u203f\u2266)": 0.6981132075471698,
      "(;\u03c9;)": 0.6966292134831461,
      "(;\u00b4\u0434`)": 0.625,
      "(\u256f\u00b0\u25a1\u00b0)": 0.6666666666666666,
      "(\uff89\u25d5\u30ee\u25d5)": 0.3492063492063492,
      "(>_<)": 0.7413793103448276,
      "(\uff89>\u03c9<)": 0.28846153846153844,
      "(\u2565\ufe4f\u2565)": 0.3191489361702128,
      "(;\u2032\u2312`)": 0.0,
      "(\u2267\u25bd\u2266)": 0.0,
      "(\u02d8\u00b3\u02d8)": 0.2,
      "(\u00b4\u30fb\u03c9\u30fb`)": 0.4,
      "(\u2565_\u2565)": 0.0,
      "(\uff61\u30fb\u0301\ufe3f\u30fb\u0300\uff61)": 0.0,
      "(\u00b4\uff61\u30fb\u203f\u30fb\uff61`)": 0.14285714285714285,
      "(\u25d5\u203f\u25d5\u273f)": 0.0,
      "(\u00b4\u25bd`\u0283\u2661\u01aa)": 0.125,
      "(\u00ac_\u00ac)": 0.0,
      "(;;)": 0.0,
      "(=^\u30fb\u03c9\u30fb^=)": 0.0,
      "(\u2299_\u2299;)": 0.0,
      "(\u25d5\u203f\u25d5)": 0.0,
      "(\u02c3\u0324\u0301\ua4b3\u02c2\u0324\u0300)": 0.0,
      "(\u30fb\u0300\u203f\u30fb\u0301)": 0.0,
      "(\u30fb_\u30fb;)": 0.0,
      "(>\ufe4f<)": 0.0,
      "(\uff61\u2665\u203f\u2665\uff61)": 0.0,
      "(\u273f\u25e0\u203f\u25e0)": 0.0,
      "(\u02c3\u0324\u0301\u03b5\u02c2\u0324\u0300)": 0.0,
      "(\uffe3\u25bd\uffe3)": 0.0,
      "(>_<;)": 0.0
    }
  },
  "hidden_to_quadrant": {
    "accuracy": 0.943089430894309,
    "macro_f1": 0.9379752431476568,
    "majority_baseline": 0.34959349593495936,
    "uniform_baseline": 0.2,
    "n_classes": 5,
    "n_splits": 5,
    "cv": "StratifiedGroupKFold",
    "per_class_recall": {
      "HN": 0.9767441860465116,
      "HP": 0.95,
      "LP": 0.9,
      "LN": 0.9,
      "NB": 0.95
    }
  },
  "face_to_hidden_eta2": {
    "pcs": [
      {
        "pc": 1,
        "explained_variance_ratio": 0.40224912762641907,
        "eta_squared": 0.9365500807762146
      },
      {
        "pc": 2,
        "explained_variance_ratio": 0.131040558218956,
        "eta_squared": 0.666657567024231
      },
      {
        "pc": 3,
        "explained_variance_ratio": 0.08757836371660233,
        "eta_squared": 0.48853030800819397
      },
      {
        "pc": 4,
        "explained_variance_ratio": 0.0526604987680912,
        "eta_squared": 0.44811907410621643
      },
      {
        "pc": 5,
        "explained_variance_ratio": 0.03272031247615814,
        "eta_squared": 0.4014323949813843
      }
    ],
    "weighted_eta2_top_k": 0.5436034850475283,
    "topk_explained_variance": 0.7062488794326782,
    "weighted_eta2_normalized": 0.7697052708730652
  },
  "centroid_approximation_quality": {
    "n_rows": 922,
    "n_features": 5120,
    "face": {
      "r2": 0.5703260840183509,
      "mean_centered_cosine": 0.7449087338974606,
      "median_centered_cosine": 0.7852774858474731,
      "mean_error_over_baseline": 0.6417224407196045
    },
    "quadrant": {
      "r2": 0.5200618230749722,
      "mean_centered_cosine": 0.7126511938368938,
      "median_centered_cosine": 0.7602460384368896,
      "mean_error_over_baseline": 0.6856433153152466
    }
  }
}