component	explained_variance_pct	t0_happy.sad_r	tlast_happy.sad_r	t0_angry.calm_r	tlast_angry.calm_r	t0_fearful.unflinching_r	tlast_fearful.unflinching_r
PC1	30.527570724487305	0.5623938985968684	0.45824494189821463	-0.7402751652687316	-0.38778524526227764	0.1155514689483261	-0.34624292302124415
PC2	17.29191780090332	-0.6316571379759124	-0.5220821817330129	-0.4313774602593661	-0.23219955354713084	0.555427075026284	0.39318303972095847
PC3	9.497178077697754	-0.08851470083101134	-0.05590353609818654	0.17090224031927334	0.1205199253782811	-0.02348930116891082	0.01633783392284873
PC4	6.652099609375	-0.1476761903752732	0.041102584326453695	-0.04947014263196134	-0.27770557976404814	0.4203079268486877	-0.0627353654982958
PC5	4.43609619140625	0.08786746717339311	0.07126538121469397	-0.0937653786531705	-0.0018116527612557463	-0.12272816984099921	-0.1178140999226146
PC6	2.147648572921753	-0.14233982968226155	-0.0678572536481701	-0.055772363787304685	0.09713950295279195	0.0800198720709728	-0.008053140978293127
PC7	1.8676245212554932	-0.2467107981565541	-0.04803449287314324	0.21404011448758942	0.05644179440507639	0.3701403196296837	0.07897522460899672
PC8	1.546293020248413	-0.12001911833853462	-0.0026201799468313644	0.12689541828381012	0.008654775734061995	0.1553474450124077	0.02804851013332231
