component	explained_variance_pct	t0_happy.sad_r	tlast_happy.sad_r	t0_angry.calm_r	tlast_angry.calm_r	t0_confident.uncertain_r	tlast_confident.uncertain_r	t0_warm.clinical_r	tlast_warm.clinical_r	t0_humorous.serious_r	tlast_humorous.serious_r
PC1	14.873075485229492	-0.8625898567650043	-0.6205857531103947	0.2501563199686984	-0.2353459169591296	-0.11540953787206054	-0.22264008726597462	0.036995466306667876	0.3042152712910755	-0.6942113809901085	-0.5662646205361543
PC2	8.290704727172852	-0.22786911613931854	-0.19778862695668611	0.1415843534005391	-0.05809180934959619	-0.4811491464423102	-0.24880874428919555	-0.24648844311292545	-0.243835116751862	0.17883612837348487	-0.11604298155445164
PC3	7.634139060974121	0.008384584756808474	0.04703412674838635	-0.6061704874129166	0.01843181634799111	-0.22140061611488437	-0.16261332096939968	0.47561335377834135	0.21159212585234927	-0.093539629250605	0.20542042094222218
PC4	3.335319757461548	-0.015518442019006953	-0.05638891333327213	0.17084559838910107	0.0627132744633277	-0.05018315391772682	-0.03259369443779359	0.03742869364211246	-0.09085923220550146	0.3190784311930918	0.12025203755894018
PC5	3.198702335357666	0.07780977425853554	-0.014723498545858218	-0.16960436683697783	0.08576389367613682	-0.16412378255023233	-0.1992971148886759	0.1396972053428316	0.14663749799288125	-0.032757984184550025	0.044375572206602515
PC6	2.6852335929870605	-0.05465943966044012	0.0600247241846584	0.11089993230985404	0.06899208101021892	-0.13390608720802677	-0.06409651467979348	0.05022530301297558	0.07671325331684242	0.08237408311359395	0.18256692469772456
PC7	2.5899577140808105	0.20117275150330827	0.1733508519908359	-0.010742910416074832	0.07447464207796682	0.2651043401174827	0.016472852521535176	-0.12058896208022252	-0.029152671626109482	-0.11457304931268335	-0.042952223513912785
PC8	2.2558910846710205	-0.0809135955045043	-0.1717945368521399	0.09454244460392659	0.20329460508541647	0.0839284646847495	-0.1852370980314501	-0.1202346119054655	0.0334801279375637	0.009967718461598694	0.14534066401601176
