component	explained_variance_pct	t0_happy.sad_r	tlast_happy.sad_r	t0_angry.calm_r	tlast_angry.calm_r	t0_fearful.unflinching_r	tlast_fearful.unflinching_r
PC1	30.548131942749023	0.5614644787342689	0.4573603153237598	-0.7419349006531838	-0.38806010125200874	0.11610065661737275	-0.34581466701648744
PC2	17.287202835083008	-0.6331524594846051	-0.5230346039047951	-0.42866491064432866	-0.23160237113489548	0.5560492963609448	0.3942639872738378
PC3	9.463560104370117	-0.08419953893361765	-0.05315586171222761	0.17054411569421796	0.12299251655435142	-0.02898529285180372	0.013281327177145533
PC4	6.656671524047852	-0.14722673438115047	0.04157591339652299	-0.049112307196571836	-0.27680197813463053	0.41918145141755914	-0.06366528260069082
PC5	4.440642356872559	0.08776306731230579	0.07100231142084942	-0.09366988256099637	-0.0019330963199719955	-0.12257352862531723	-0.1172462267607003
PC6	2.1479976177215576	-0.14452677819769966	-0.06872643498067064	-0.054103388418965476	0.09719032907254632	0.08329741078626611	-0.006539344274590037
PC7	1.8674192428588867	-0.24574419677314432	-0.04694514702788276	0.21508062837648836	0.056174698161589154	0.3697081950628566	0.07815330649422943
PC8	1.5478620529174805	-0.11925206528149004	-0.0027863718055952114	0.12587995010412825	0.008261308222424504	0.15400170719739134	0.028207867707884866
