{
  "probes": [
    "happy.sad",
    "angry.calm",
    "fearful.unflinching"
  ],
  "by_subset": {
    "all": {
      "n": 960,
      "pearson": [
        [
          1.0,
          -0.4425949340270641,
          -0.48373195628714133
        ],
        [
          -0.4425949340270641,
          1.0,
          0.7867125677993998
        ],
        [
          -0.48373195628714133,
          0.7867125677993998,
          1.0
        ]
      ],
      "spearman": [
        [
          1.0,
          -0.45817765122577947,
          -0.4589415931661921
        ],
        [
          -0.45817765122577947,
          1.0,
          0.772220293075908
        ],
        [
          -0.4589415931661921,
          0.772220293075908,
          1.0
        ]
      ]
    },
    "HP": {
      "n": 160,
      "pearson": [
        [
          1.0,
          -0.45116239233169253,
          -0.8378448252823768
        ],
        [
          -0.45116239233169253,
          1.0,
          0.3325510096263204
        ],
        [
          -0.8378448252823768,
          0.3325510096263204,
          1.0
        ]
      ],
      "spearman": [
        [
          1.0,
          -0.4962406015037592,
          -0.7548872180451126
        ],
        [
          -0.4962406015037592,
          1.0,
          0.25714285714285706
        ],
        [
          -0.7548872180451126,
          0.25714285714285706,
          1.0
        ]
      ]
    },
    "LP": {
      "n": 160,
      "pearson": [
        [
          1.0,
          -0.7061325478620579,
          -0.8562899522620189
        ],
        [
          -0.7061325478620579,
          1.0,
          0.69257520759252
        ],
        [
          -0.8562899522620189,
          0.69257520759252,
          1.0
        ]
      ],
      "spearman": [
        [
          1.0,
          -0.6075187969924811,
          -0.8721804511278193
        ],
        [
          -0.6075187969924811,
          1.0,
          0.6676691729323307
        ],
        [
          -0.8721804511278193,
          0.6676691729323307,
          1.0
        ]
      ]
    },
    "HN": {
      "n": 320,
      "pearson": [
        [
          1.0,
          -0.560039056120557,
          -0.47420102570818945
        ],
        [
          -0.560039056120557,
          1.0,
          0.6545881245796887
        ],
        [
          -0.47420102570818945,
          0.6545881245796887,
          1.0
        ]
      ],
      "spearman": [
        [
          1.0,
          -0.450656660412758,
          -0.2696060037523452
        ],
        [
          -0.450656660412758,
          1.0,
          0.6469043151969982
        ],
        [
          -0.2696060037523452,
          0.6469043151969982,
          1.0
        ]
      ]
    },
    "LN": {
      "n": 160,
      "pearson": [
        [
          1.0,
          -0.42884697728160176,
          -0.7734456612695951
        ],
        [
          -0.42884697728160176,
          1.0,
          0.5226298750732832
        ],
        [
          -0.7734456612695951,
          0.5226298750732832,
          1.0
        ]
      ],
      "spearman": [
        [
          1.0,
          -0.39699248120300745,
          -0.7834586466165412
        ],
        [
          -0.39699248120300745,
          1.0,
          0.5338345864661653
        ],
        [
          -0.7834586466165412,
          0.5338345864661653,
          1.0
        ]
      ]
    },
    "NB": {
      "n": 160,
      "pearson": [
        [
          1.0,
          -0.06139513250772263,
          -0.6855860916130501
        ],
        [
          -0.06139513250772263,
          1.0,
          0.47618873793538585
        ],
        [
          -0.6855860916130501,
          0.47618873793538585,
          1.0
        ]
      ],
      "spearman": [
        [
          1.0,
          -0.23759398496240597,
          -0.7654135338345862
        ],
        [
          -0.23759398496240597,
          1.0,
          0.5699248120300751
        ],
        [
          -0.7654135338345862,
          0.5699248120300751,
          1.0
        ]
      ]
    }
  },
  "trio": {
    "all": {
      "happy.sad~fearful.unflinching": {
        "n": 960,
        "pearson": -0.48373195628714133,
        "spearman": -0.4589415931661921
      },
      "happy.sad~angry.calm": {
        "n": 960,
        "pearson": -0.4425949340270641,
        "spearman": -0.45817765122577947
      },
      "fearful.unflinching~angry.calm": {
        "n": 960,
        "pearson": 0.7867125677993998,
        "spearman": 0.772220293075908
      }
    },
    "HP": {
      "happy.sad~fearful.unflinching": {
        "n": 160,
        "pearson": -0.8378448252823768,
        "spearman": -0.7548872180451126
      },
      "happy.sad~angry.calm": {
        "n": 160,
        "pearson": -0.45116239233169253,
        "spearman": -0.4962406015037592
      },
      "fearful.unflinching~angry.calm": {
        "n": 160,
        "pearson": 0.3325510096263204,
        "spearman": 0.25714285714285706
      }
    },
    "LP": {
      "happy.sad~fearful.unflinching": {
        "n": 160,
        "pearson": -0.8562899522620189,
        "spearman": -0.8721804511278193
      },
      "happy.sad~angry.calm": {
        "n": 160,
        "pearson": -0.7061325478620579,
        "spearman": -0.6075187969924811
      },
      "fearful.unflinching~angry.calm": {
        "n": 160,
        "pearson": 0.69257520759252,
        "spearman": 0.6676691729323307
      }
    },
    "HN": {
      "happy.sad~fearful.unflinching": {
        "n": 320,
        "pearson": -0.47420102570818945,
        "spearman": -0.2696060037523452
      },
      "happy.sad~angry.calm": {
        "n": 320,
        "pearson": -0.560039056120557,
        "spearman": -0.450656660412758
      },
      "fearful.unflinching~angry.calm": {
        "n": 320,
        "pearson": 0.6545881245796887,
        "spearman": 0.6469043151969982
      }
    },
    "LN": {
      "happy.sad~fearful.unflinching": {
        "n": 160,
        "pearson": -0.7734456612695951,
        "spearman": -0.7834586466165412
      },
      "happy.sad~angry.calm": {
        "n": 160,
        "pearson": -0.42884697728160176,
        "spearman": -0.39699248120300745
      },
      "fearful.unflinching~angry.calm": {
        "n": 160,
        "pearson": 0.5226298750732832,
        "spearman": 0.5338345864661653
      }
    },
    "NB": {
      "happy.sad~fearful.unflinching": {
        "n": 160,
        "pearson": -0.6855860916130501,
        "spearman": -0.7654135338345862
      },
      "happy.sad~angry.calm": {
        "n": 160,
        "pearson": -0.06139513250772263,
        "spearman": -0.23759398496240597
      },
      "fearful.unflinching~angry.calm": {
        "n": 160,
        "pearson": 0.47618873793538585,
        "spearman": 0.5699248120300751
      }
    }
  }
}