component	explained_variance_pct	t0_happy.sad_r	tlast_happy.sad_r	t0_angry.calm_r	tlast_angry.calm_r	t0_fearful.unflinching_r	tlast_fearful.unflinching_r	t0_disgusted.accepting_r	tlast_disgusted.accepting_r	t0_powerful.powerless_r	tlast_powerful.powerless_r	t0_surprised.unsurprised_r	tlast_surprised.unsurprised_r
PC1	31.181943893432617	-0.8346346670214663	-0.23093743800582608	0.1926987624840115	0.13256732259006818	0.5569994471547912	0.1262103559103302	0.5315330124014555	0.14980399279348933	-0.45857065873848524	0.020974375508177826	-0.022510373378986523	0.05013515196338471
PC2	20.066389083862305	-0.06729879614840008	0.26032121429151683	-0.038040042362004006	-0.17933455671612863	0.35158357148847585	0.07507024788383139	0.20985746385667883	-0.15570386018510504	0.04007162314440717	-0.17071289024801917	0.8573927364826335	-0.017684889250610326
PC3	10.399469375610352	-0.17464887483262934	-0.19766115463907008	-0.4065088873054408	0.1422894911035591	-0.3836449115604792	-0.11187787969372734	0.005842367661961148	0.14172351560881527	0.7692237079739451	0.13487648845582223	-0.17606426675074843	0.08459804223645072
PC4	8.767430305480957	-0.183914395625882	0.006083253882459449	0.15352204228373537	0.0005238125328723151	0.041068157477400835	0.024601252609146522	0.34855891242620984	0.0291959733590285	0.15646890577144257	-0.006613058254939214	0.10490441703233597	0.09319113576476791
PC5	4.534127712249756	-0.08669362835198727	0.06359124925532945	-0.22259364534879172	-0.10287341487843929	0.2687305817939186	0.17883498516027596	-0.05608449765881444	-0.13795994257338637	0.15614126082259316	-0.13191631968627493	0.14524495191114206	-0.18777046917901002
PC6	3.0833685398101807	0.20230943838437834	0.21712890379678332	-0.28329646787015533	-0.21414787371412358	-0.36467254709095676	0.09232587159549818	-0.31136234150699477	-0.2318303385323664	0.037523906434162854	-0.2296936574131241	0.07587142779238894	-0.1699957380484238
PC7	1.8738558292388916	0.000147560120663583	0.05212677268153952	-0.013207592963814966	-0.014339065168774635	0.10532899350334832	0.04625367738262596	0.09093008453891385	-0.02128898959445589	-0.09309138658433594	-0.03313275773558466	0.012587403081640615	-0.024351964272362425
PC8	1.4279260635375977	-0.06893878435592124	-0.10591835216867283	0.03321127432720225	0.09561489713628521	-0.014759237838179283	-0.1115676025740838	0.08012582758365973	0.10029422992486033	0.07501399534577528	0.12065461677697374	0.25056701193042696	0.10594788555026582
