component	explained_variance_pct	t0_happy.sad_r	tlast_happy.sad_r	t0_angry.calm_r	tlast_angry.calm_r	t0_fearful.unflinching_r	tlast_fearful.unflinching_r
PC1	30.192115783691406	0.7860102708136643	0.1254534016112765	-0.2523440297757121	-0.05370418772193353	-0.6900464104021525	-0.17837141929473285
PC2	15.70157527923584	-0.21910729023971373	-0.34837948227207227	0.006684848456082224	0.2115420939377206	-0.2600781825637726	-0.03505881857130181
PC3	9.27320671081543	-0.1949282034483612	-0.1409691172048201	-0.4034819173522854	0.08782022458569844	-0.1665776644574008	-0.07886864574955799
PC4	7.678954124450684	-0.22720722364549015	-0.059188799028084264	-0.06970744652303174	0.04797065533057144	-0.1486620847156869	-0.028077756818725402
PC5	4.125411510467529	-0.12418950921608557	-0.14135977872086392	0.4112433687138209	0.1498592609156012	0.10394858114085806	-0.11952572610255809
PC6	3.06398606300354	-0.21292557062244888	-0.03924194652543777	0.15920040214420111	0.01018294046422764	0.31262799371220024	0.025046279629459094
PC7	2.4106385707855225	-0.17537871162639299	-0.08008206733033384	0.019505274531165802	0.05924109932981379	0.37413808958417116	0.058275767670013585
PC8	1.7004601955413818	-0.06638502514214602	0.1022136926379095	-0.04515495850757928	-0.05102674141455886	-0.008992215300704182	-0.026959388808568026
