component	explained_variance_pct	t0_happy.sad_r	tlast_happy.sad_r	t0_angry.calm_r	tlast_angry.calm_r	t0_confident.uncertain_r	tlast_confident.uncertain_r	t0_warm.clinical_r	tlast_warm.clinical_r	t0_humorous.serious_r	tlast_humorous.serious_r
PC1	19.83271598815918	-0.6886875031454771	0.03109082163193786	0.461073246487391	-0.2402430409306168	0.293696360969907	0.3065792141554873	0.12614613816912662	0.21964681580737422	0.22176216195710535	-0.11896054756379637
PC2	7.035708427429199	-0.1173628863501762	0.011901723842021985	-0.33398020251942306	-0.023706078152856934	-0.27824180346112615	-0.06952181230038765	-0.3878329775259033	-0.018423535101166642	0.4187518211920426	0.04478842552502453
PC3	5.475752830505371	-0.19704785445388684	0.2778691975379548	-0.11964169234062108	-0.3039872019967631	-0.13758927688430783	-0.10376316422729168	0.1830360134754524	0.25416968311912624	0.08115424667699599	-0.33062111804607786
PC4	4.253083229064941	0.3122799299042458	0.03694873709801808	-0.2358141967547273	-0.0020804549590924364	-0.1914260884331369	0.07386373673956387	0.13214010956589067	-0.003310341033629576	-0.033193301175211555	0.005445931058822346
PC5	3.027033567428589	0.04913078275771545	-0.01255017745685799	0.20371420990931335	0.02248760130029913	0.16311154611202766	-0.03098267867779068	0.07715327639281121	-0.030101490441353115	0.05941596096022713	0.041876363869644904
PC6	2.786783218383789	0.10306525727777846	-0.06613303209197126	0.0360021930374791	0.08253545902693918	-0.0021253136555599477	0.18966281502622923	0.11344930424398168	-0.05470572449753508	-0.11336291541059826	0.04660497062023759
PC7	2.496826171875	-0.06027918194720444	-0.07817419846294904	-0.20361727966091564	0.07991283536629018	-0.259074082409973	-0.03800182814464035	-0.10329081794660835	-0.07477036998026994	0.06010962490281886	0.09677319109633215
PC8	2.432554244995117	-0.0077961254704004565	-0.019350214508771377	-0.020665077976260472	0.04908043466863096	-0.09329176698253024	-0.038257837467497904	0.029778586599142887	-0.028471386666105054	-0.009104624341641209	0.034911675731227415
