face	n_total	n_quadrants	quadrants	per_quadrant_n	classifier_acc	classifier_std	majority_acc	null_q95	separates	fig
(｡・́︿・̀｡)	192	3	HN-D,HN-S,LN	HN-D:11; HN-S:62; LN:119	1.0	0.0	0.6197916666666666	0.6091902834008097	True	
(๑˃‿˂)	123	3	HP,LP,NB	HP:100; LP:16; NB:7	1.0	0.0	0.8130081300813008	0.8177333333333333	True	
(⊙_⊙)	99	3	HN-D,HN-S,NB	HN-D:15; HN-S:69; NB:15	0.17157894736842105	0.07447693874235253	0.696969696969697	0.4574999999999999	False	
(｡◕‿◕｡)	99	2	LP,NB	LP:9; NB:90	0.6584210526315789	0.10397101663044837	0.9090909090909091	0.6505263157894736	True	
(｡♥‿♥｡)	53	2	HP,LP	HP:7; LP:46	0.909090909090909	0.08131156281817416	0.8679245283018868	0.6522727272727271	True	
(✿◠‿◠)	22	2	LP,NB	LP:19; NB:3	0.49404761904761907	0.14892852384758098	0.8636363636363636	0.6369047619047619	False	
(╥﹏╥)	11	2	HN-S,HP	HN-S:3; HP:8	0.47222222222222215	0.3356401659331825	0.7272727272727273	0.6388888888888888	False	
