face	n_total	n_quadrants	quadrants	per_quadrant_n	classifier_acc	classifier_std	majority_acc	null_q95	separates	fig
(｡・́︿・̀｡)	153	3	HN-D,HN-S,LN	HN-D:8; HN-S:47; LN:98	1.0	0.0	0.6405228758169934	0.6439569892473119	True	
(๑˃‿˂)	102	3	HP,LP,NB	HP:78; LP:16; NB:8	0.9904761904761905	0.019047619047619067	0.7647058823529411	0.7895238095238095	True	
(⊙_⊙)	99	3	HN-D,HN-S,NB	HN-D:16; HN-S:66; NB:17	0.8699999999999999	0.26	0.6666666666666666	0.6573157894736842	True	
(｡◕‿◕｡)	80	2	LP,NB	LP:8; NB:72	0.9625	0.049999999999999996	0.9	0.91375	True	
(｡♥‿♥｡)	46	2	HP,LP	HP:5; LP:41	0.9133333333333333	0.043546484316145405	0.8913043478260869	0.7507777777777777	True	
(✿◠‿◠)	29	3	HP,LP,NB	HP:4; LP:19; NB:6	0.9285714285714286	0.07142857142857145	0.6551724137931034	0.7448660714285714	True	
(´ω`)	10	2	LN,LP	LN:7; LP:3	0.6944444444444443	0.039283710065919325	0.7	0.6944444444444443	False	
(˘▽˘)	9	2	HP,LP	HP:5; LP:4	0.875	0.21650635094610965	0.5555555555555556	0.7312499999999998	True	
(╥﹏╥)	9	2	HN-S,HP	HN-S:5; HP:4	1.0	0.0	0.5555555555555556	0.6104166666666663	True	
