component	explained_variance_pct	t0_happy.sad_r	tlast_happy.sad_r	t0_angry.calm_r	tlast_angry.calm_r	t0_fearful.unflinching_r	tlast_fearful.unflinching_r
PC1	29.066497802734375	0.6694877328800372	0.11030061184066842	-0.4421188275276257	-0.02769332027105499	-0.43048989601836296	-0.10528502108614873
PC2	18.97275733947754	-0.271335551877483	-0.29469034749775086	-0.401437395564348	0.17894638003265978	-0.5417740232932561	-0.10377273995739941
PC3	10.431859970092773	0.04992378235442851	-0.03774427967465373	0.40072251573316786	0.04741857157014168	0.20479781889636384	0.04989622362999882
PC4	6.510738372802734	-0.20264666772852807	-0.05656988823985262	-0.009831892632009304	0.07001219028509463	-0.12236045510409121	-0.04555942588379028
PC5	5.019218444824219	-0.2019607122266792	-0.08169407063202622	0.2341446221766746	0.05626812221189227	0.33141199941848815	-0.04916197876436485
PC6	2.4909846782684326	-0.38491221117371544	-0.07718765177767838	0.09095796511896087	0.010908590760933676	0.4025716630665674	0.06552779618544219
PC7	2.0613598823547363	-0.14564328595146106	0.08963749044994734	-0.008417285546370428	-0.07690972292485532	-0.034584951560332575	0.00899090196250928
PC8	1.6598167419433594	-0.22666015900885753	0.13592418041909532	-0.004782184827575369	-0.1355127321592699	0.06882663601760478	0.11796871902519725
