component	explained_variance_pct	t0_happy.sad_r	tlast_happy.sad_r	t0_angry.calm_r	tlast_angry.calm_r	t0_confident.uncertain_r	tlast_confident.uncertain_r	t0_warm.clinical_r	tlast_warm.clinical_r	t0_humorous.serious_r	tlast_humorous.serious_r
PC1	17.736478805541992	-0.7764463884324002	-0.2734765679578547	-0.4151367569365184	-0.5261214718349452	-0.7242790636675969	-0.04067115370976146	0.16304123092530964	0.05823037319507965	-0.6165171564445764	-0.4409767947266173
PC2	9.770851135253906	0.39105309078001865	0.3000744353073509	-0.024090855803688322	0.15998049533511538	0.28881637657036807	-0.11327669809325519	-0.07060049773442047	0.2630740273210799	0.4367084731038533	0.38931534524270384
PC3	7.136852264404297	0.2173375133607796	0.32480172909379296	-0.35325765032408607	-0.14129672933616827	0.12262878383730462	-0.02878129618772761	0.46516338817498204	0.14719865723415687	-0.03685900071587088	0.09602330766059616
PC4	6.776571273803711	0.17868613860056737	0.13905297871627903	0.3334904756980629	0.05973848906267813	0.29438782939546343	0.168900728455029	0.18575892172422992	0.16827584370549434	-0.20395067636157377	-0.030716402187472583
PC5	3.405027389526367	-0.2287917645781518	-0.4639285698071207	0.12678410206931545	0.3277938072224551	-0.21576591560494673	-0.15045513212863865	0.12728934231767586	0.05777973862416754	0.21676298677195832	0.13341178745297974
PC6	3.2891898155212402	0.11400073449814521	0.2578593221438503	0.006864762752273573	-0.16575675004335083	0.14057764321012733	-0.07718905068448623	-0.23614366523521607	0.043121744200521554	-0.0818874347659482	0.021507951052893902
PC7	2.761401891708374	-0.11660533772145945	0.04518506735208801	-0.09361923004648401	0.06669746153706223	-0.239774541684038	-0.2006915449379736	-0.15553263526569525	0.2324432952500241	0.0585250448191708	0.23722861045130975
PC8	2.5822227001190186	0.006575850996347738	-0.09511310357454819	0.15955277681735794	0.04053844622927755	0.07939008474188539	-0.05238588803842639	0.00548465486062269	-0.05628790365539859	-0.07964698600647997	-0.02737298504296029
