component	explained_variance_pct	t0_happy.sad_r	tlast_happy.sad_r	t0_angry.calm_r	tlast_angry.calm_r	t0_fearful.unflinching_r	tlast_fearful.unflinching_r
PC1	21.666868209838867	0.8324302269824677	0.47084463914147556	-0.27056518096952875	-0.20093665362606583	-0.8108217743277015	-0.3678321249048934
PC2	14.273097038269043	-0.3808368545056464	-0.18407441945122904	-0.6013260362301845	-0.10047408379496209	0.0019496145597311869	0.04986843782838969
PC3	8.287405014038086	-0.2829962010708289	-0.08443228687789317	0.02132444891726986	-0.032860026830148645	0.13159223075980003	0.09858250366577802
PC4	5.732775688171387	-0.021460397427296145	-0.05197611705243612	0.49911039380635736	0.15740913634586512	-0.16598986165653593	-0.04193439912761483
PC5	4.490810871124268	-0.14558390341005556	-0.10936702819570693	0.14409171700868434	0.07424713911655334	0.23371838320648108	0.1125745984783948
PC6	2.993255138397217	-0.11832293016336648	-0.0980094083968899	-0.0365453951530913	-0.04071588464105015	0.012018347385516295	0.004952288159379623
PC7	2.078517198562622	0.11027476434910523	0.03416466984126998	-0.46347430486797614	-0.12088549366102434	-0.17596681279147136	-0.0005434783920140913
PC8	1.886803150177002	0.0746023665723226	-0.009978445628392413	0.06476611602469994	0.07381298158034985	-0.29662992150105777	-0.08724590108014657
