component	explained_variance_pct	t0_happy.sad_r	tlast_happy.sad_r	t0_angry.calm_r	tlast_angry.calm_r	t0_fearful.unflinching_r	tlast_fearful.unflinching_r
PC1	21.545921325683594	0.826472223954159	0.46482821641341454	-0.2648933718440766	-0.213736213969716	-0.8120559580938209	-0.38075680711349336
PC2	14.427762985229492	-0.3850116030492319	-0.18000234507768972	-0.6041499830650465	-0.09950269247293428	0.006361176808124546	0.05013553560114834
PC3	8.531759262084961	-0.294789950177743	-0.08960757167302502	-0.024710735201952532	-0.057029747880186214	0.13897213175488343	0.09773035959975586
PC4	5.61720609664917	-0.03635349947651956	-0.03778257453830234	0.5000838185929475	0.1534685684908504	-0.1530836483529385	-0.04339104671068693
PC5	4.390926837921143	-0.13465612963394588	-0.09596000653546294	0.14842792339759323	0.08160438634936604	0.2208110838542846	0.09540080685226308
PC6	2.9314370155334473	-0.12530264551998282	-0.09539362300020804	-0.028894128340104686	-0.03157631657617863	0.02430582843433838	0.001508484357837299
PC7	2.0961263179779053	0.11698139771591633	0.01045232194117119	-0.44110185807657065	-0.09923410305788316	-0.23322904770196995	-0.007076767832678223
PC8	1.9177138805389404	0.045500862345575044	-0.012239204190188629	0.1669188679154242	0.08368730807003819	-0.2619105905795718	-0.08323161581228586
