condition	n_rows_kept	n_faces_kept	hidden_to_face_acc	hidden_to_face_macroF1	majority_baseline	uniform_baseline	hidden_to_quadrant_acc	face_to_hidden_top5_weighted_eta2	face_to_hidden_top5_eta2_norm	face_centroid_r2_full_hidden	quadrant_centroid_r2_full_hidden	face_gain_over_quadrant_pp
intro_none	97	8	0.7319587628865979	0.6314153439153438	0.18556701030927836	0.125	0.9916666666666667	0.5087406712783566	0.7454315938919546	0.5400529168158359	0.531314301482498	0.8738615333337862
intro_pre	75	8	0.64	0.573725022254434	0.18666666666666668	0.125	0.9916666666666667	0.4127911728406941	0.6875512010592666	0.4593838298215448	0.43406670521102764	2.531712461051716
intro_lorem	96	8	0.625	0.4752853688708952	0.1875	0.125	0.9916666666666667	0.523757622569725	0.783522440282482	0.5486117348163841	0.5266572294562121	2.195450536017207
intro_custom	73	7	0.7671232876712328	0.6678261048008948	0.2054794520547945	0.14285714285714285	1.0	0.4640641210291332	0.7243166893576296	0.491523405810273	0.4849445921749762	0.6578813635296776
