condition	n_rows_kept	n_faces_kept	hidden_to_face_acc	hidden_to_face_macroF1	majority_baseline	uniform_baseline	hidden_to_quadrant_acc	face_to_hidden_top5_weighted_eta2	face_to_hidden_top5_eta2_norm	face_centroid_r2_full_hidden	quadrant_centroid_r2_full_hidden	face_gain_over_quadrant_pp
intro_none	95	6	0.9052631578947369	0.8779738562091505	0.2631578947368421	0.16666666666666666	0.9916666666666667	0.5667771566999908	0.7367717551065349	0.5843191097650715	0.5679306884205209	1.6388421344550652
intro_pre	98	10	0.7346938775510204	0.6321560104990338	0.1836734693877551	0.1	1.0	0.5357028953631506	0.7862970394743245	0.5790718534224544	0.514904428693387	6.4167424729067335
intro_lorem	97	7	0.8350515463917526	0.7202033543471067	0.24742268041237114	0.14285714285714285	1.0	0.566008157394322	0.7689243449548859	0.5870083149144116	0.5687033277349789	1.8304987179432741
