condition	n_rows_kept	n_faces_kept	hidden_to_face_acc	hidden_to_face_macroF1	majority_baseline	uniform_baseline	hidden_to_quadrant_acc	face_to_hidden_top5_weighted_eta2	face_to_hidden_top5_eta2_norm	face_centroid_r2_full_hidden	quadrant_centroid_r2_full_hidden	face_gain_over_quadrant_pp
intro_none	99	7	0.6060606060606061	0.43609314073023747	0.2727272727272727	0.14285714285714285	0.9024390243902439	0.3263263626034159	0.545588430920988	0.3524815071881814	0.3955481335318285	-4.306662634364711
intro_pre	88	8	0.5568181818181818	0.4755595664025897	0.26136363636363635	0.125	0.8292682926829268	0.24170229129176968	0.42024874938111234	0.29519389513682903	0.2955742642881797	-0.038036915135064575
intro_lorem	108	7	0.6111111111111112	0.5358555321442078	0.24074074074074073	0.14285714285714285	0.926829268292683	0.2800540742445123	0.47074865128628485	0.3116474593870918	0.32492788655246563	-1.328042716537381
