condition	n_rows_kept	n_faces_kept	hidden_to_face_acc	hidden_to_face_macroF1	majority_baseline	uniform_baseline	hidden_to_quadrant_acc	face_to_hidden_top5_weighted_eta2	face_to_hidden_top5_eta2_norm	face_centroid_r2_full_hidden	quadrant_centroid_r2_full_hidden	face_gain_over_quadrant_pp
intro_none	21	2	0.9047619047619048	0.8990384615384616	0.5714285714285714	0.5	0.8409090909090909	0.30613853387873263	0.46017781804474445	0.310887370455707	0.48741477521460075	-17.652740475889374
intro_pre	90	7	0.36666666666666664	0.22185270869481394	0.32222222222222224	0.14285714285714285	0.9541284403669725	0.21230031492588625	0.38704377181091876	0.2469023301250366	0.33746770755393374	-9.056537742889715
intro_lorem	45	4	0.6444444444444445	0.6014880952380952	0.37777777777777777	0.25	0.9827586206896551	0.26316112995267305	0.43734829968115146	0.28076163209571203	0.390609331326478	-10.984769923076598
