condition	n_rows_kept	n_faces_kept	hidden_to_face_acc	hidden_to_face_macroF1	majority_baseline	uniform_baseline	hidden_to_quadrant_acc	face_to_hidden_top5_weighted_eta2	face_to_hidden_top5_eta2_norm	face_centroid_r2_full_hidden	quadrant_centroid_r2_full_hidden	face_gain_over_quadrant_pp
intro_none	76	9	0.5263157894736842	0.43384697904970976	0.17105263157894737	0.1111111111111111	0.9696969696969697	0.48726474030871436	0.7877719442767587	0.519299364739183	0.507607412244799	1.169195249438404
intro_lorem	36	5	0.6388888888888888	0.6138888888888889	0.2222222222222222	0.2	0.953125	0.5036014811379265	0.7377479905168791	0.5258876829799819	0.5915279891839884	-6.5640306204006516
