{
  "probes": [
    "happy.sad",
    "angry.calm",
    "confident.uncertain",
    "warm.clinical",
    "humorous.serious"
  ],
  "by_subset": {
    "all": {
      "n": 640,
      "pearson": [
        [
          1.0,
          -0.9296914229755989,
          -0.1444399487370867,
          0.9432146512042827,
          -0.9827075709914737
        ],
        [
          -0.9296914229755989,
          1.0,
          0.007874140827405732,
          -0.9776849777884407,
          0.936199386226685
        ],
        [
          -0.1444399487370867,
          0.007874140827405732,
          1.0,
          0.07666612324735175,
          0.15583680137102754
        ],
        [
          0.9432146512042827,
          -0.9776849777884407,
          0.07666612324735175,
          1.0,
          -0.9378781840980086
        ],
        [
          -0.9827075709914737,
          0.936199386226685,
          0.15583680137102754,
          -0.9378781840980086,
          1.0
        ]
      ],
      "spearman": [
        [
          1.0,
          -0.9094776914376922,
          -0.14965612459669184,
          0.9234011651127908,
          -0.9731298775153446
        ],
        [
          -0.9094776914376922,
          1.0,
          0.01978776455330118,
          -0.9585412712053372,
          0.9268658973131342
        ],
        [
          -0.14965612459669184,
          0.01978776455330118,
          1.0,
          0.08727547253141836,
          0.15007992349097862
        ],
        [
          0.9234011651127908,
          -0.9585412712053372,
          0.08727547253141836,
          1.0,
          -0.9198204352457674
        ],
        [
          -0.9731298775153446,
          0.9268658973131342,
          0.15007992349097862,
          -0.9198204352457674,
          1.0
        ]
      ]
    },
    "HP": {
      "n": 160,
      "pearson": [
        [
          1.0,
          -0.944398902568244,
          -0.16424100153822996,
          0.9682492179416525,
          -0.9843239088538641
        ],
        [
          -0.944398902568244,
          1.0,
          0.04205324327386255,
          -0.9784801941996956,
          0.9510203769280603
        ],
        [
          -0.16424100153822996,
          0.04205324327386255,
          1.0,
          -0.014531556094122981,
          0.1842394697527353
        ],
        [
          0.9682492179416525,
          -0.9784801941996956,
          -0.014531556094122981,
          1.0,
          -0.9549558689858333
        ],
        [
          -0.9843239088538641,
          0.9510203769280603,
          0.1842394697527353,
          -0.9549558689858333,
          1.0
        ]
      ],
      "spearman": [
        [
          1.0,
          -0.951133045915131,
          -0.1270485139072615,
          0.9676779041031073,
          -0.9697698164010026
        ],
        [
          -0.951133045915131,
          1.0,
          0.1041986203340321,
          -0.9558764716998545,
          0.9467353423309001
        ],
        [
          -0.1270485139072615,
          0.1041986203340321,
          1.0,
          0.0014458805588394282,
          0.17577776508176476
        ],
        [
          0.9676779041031073,
          -0.9558764716998545,
          0.0014458805588394282,
          1.0,
          -0.9296924097862822
        ],
        [
          -0.9697698164010026,
          0.9467353423309001,
          0.17577776508176476,
          -0.9296924097862822,
          1.0
        ]
      ]
    },
    "LP": {
      "n": 160,
      "pearson": [
        [
          1.0,
          -0.950485371379024,
          -0.12517633621438606,
          0.950549800371682,
          -0.9852546445686827
        ],
        [
          -0.950485371379024,
          1.0,
          0.09618918936305433,
          -0.9626788349729185,
          0.9496654577109072
        ],
        [
          -0.12517633621438606,
          0.09618918936305433,
          1.0,
          0.098143440688373,
          0.17110783639675153
        ],
        [
          0.950549800371682,
          -0.9626788349729185,
          0.098143440688373,
          1.0,
          -0.9322376676308162
        ],
        [
          -0.9852546445686827,
          0.9496654577109072,
          0.17110783639675153,
          -0.9322376676308162,
          1.0
        ]
      ],
      "spearman": [
        [
          1.0,
          -0.9323764488040408,
          -0.07830573427556868,
          0.897233062616461,
          -0.9817354006258131
        ],
        [
          -0.9323764488040408,
          1.0,
          0.02031841460699176,
          -0.9241641177091025,
          0.9318930258177173
        ],
        [
          -0.07830573427556868,
          0.02031841460699176,
          1.0,
          0.2192572279061046,
          0.08635692437506592
        ],
        [
          0.897233062616461,
          -0.9241641177091025,
          0.2192572279061046,
          1.0,
          -0.8823700031642232
        ],
        [
          -0.9817354006258131,
          0.9318930258177173,
          0.08635692437506592,
          -0.8823700031642232,
          1.0
        ]
      ]
    },
    "HN": {
      "n": 160,
      "pearson": [
        [
          1.0,
          -0.9541704743548626,
          -0.1442493434452982,
          0.9585862450471685,
          -0.9916934225661354
        ],
        [
          -0.9541704743548626,
          1.0,
          0.05528250305831889,
          -0.9795343099288037,
          0.941953993626538
        ],
        [
          -0.1442493434452982,
          0.05528250305831889,
          1.0,
          0.05254232932682345,
          0.19638169689299703
        ],
        [
          0.9585862450471685,
          -0.9795343099288037,
          0.05254232932682345,
          1.0,
          -0.9382430186943342
        ],
        [
          -0.9916934225661354,
          0.941953993626538,
          0.19638169689299703,
          -0.9382430186943342,
          1.0
        ]
      ],
      "spearman": [
        [
          1.0,
          -0.9474186904332895,
          -0.1381522856916843,
          0.9527216474910567,
          -0.9889487546840343
        ],
        [
          -0.9474186904332895,
          1.0,
          0.07208505825928237,
          -0.9714167684775823,
          0.9416293848276831
        ],
        [
          -0.1381522856916843,
          0.07208505825928237,
          1.0,
          0.03232752937867508,
          0.1742680600845543
        ],
        [
          0.9527216474910567,
          -0.9714167684775823,
          0.03232752937867508,
          1.0,
          -0.933607563598862
        ],
        [
          -0.9889487546840343,
          0.9416293848276831,
          0.1742680600845543,
          -0.933607563598862,
          1.0
        ]
      ]
    },
    "LN": {
      "n": 160,
      "pearson": [
        [
          1.0,
          -0.9413482553626495,
          -0.20864515226857244,
          0.9598351617003802,
          -0.9867518683840615
        ],
        [
          -0.9413482553626495,
          1.0,
          0.09648370553778683,
          -0.9814185004220037,
          0.9150612022090836
        ],
        [
          -0.20864515226857244,
          0.09648370553778683,
          1.0,
          -0.0488703925633138,
          0.2619527845338106
        ],
        [
          0.9598351617003802,
          -0.9814185004220037,
          -0.0488703925633138,
          1.0,
          -0.9305152914586399
        ],
        [
          -0.9867518683840615,
          0.9150612022090836,
          0.2619527845338106,
          -0.9305152914586399,
          1.0
        ]
      ],