{
  "probes": [
    "happy.sad",
    "angry.calm",
    "fearful.unflinching"
  ],
  "by_subset": {
    "all": {
      "n": 960,
      "pearson": [
        [
          1.0,
          -0.7976798194502606,
          -0.9165211130592306
        ],
        [
          -0.7976798194502606,
          1.0,
          0.9079768386549854
        ],
        [
          -0.9165211130592306,
          0.9079768386549854,
          1.0
        ]
      ],
      "spearman": [
        [
          1.0,
          -0.7447944460780392,
          -0.8745051978019202
        ],
        [
          -0.7447944460780392,
          1.0,
          0.8563368931230507
        ],
        [
          -0.8745051978019202,
          0.8563368931230507,
          1.0
        ]
      ]
    },
    "HP": {
      "n": 160,
      "pearson": [
        [
          1.0,
          -0.783226501719924,
          -0.874204636764292
        ],
        [
          -0.783226501719924,
          1.0,
          0.568713107412335
        ],
        [
          -0.874204636764292,
          0.568713107412335,
          1.0
        ]
      ],
      "spearman": [
        [
          1.0,
          -0.834511033968293,
          -0.7518899011436324
        ],
        [
          -0.834511033968293,
          1.0,
          0.5894083302495785
        ],
        [
          -0.7518899011436324,
          0.5894083302495785,
          1.0
        ]
      ]
    },
    "LP": {
      "n": 160,
      "pearson": [
        [
          1.0,
          -0.3736021136599883,
          -0.6475524070234799
        ],
        [
          -0.3736021136599883,
          1.0,
          0.682521216470551
        ],
        [
          -0.6475524070234799,
          0.682521216470551,
          1.0
        ]
      ],
      "spearman": [
        [
          1.0,
          -0.18796992481203004,
          -0.6210526315789472
        ],
        [
          -0.18796992481203004,
          1.0,
          0.6902255639097743
        ],
        [
          -0.6210526315789472,
          0.6902255639097743,
          1.0
        ]
      ]
    },
    "HN": {
      "n": 320,
      "pearson": [
        [
          1.0,
          -0.5293405293757037,
          -0.7265767268085057
        ],
        [
          -0.5293405293757037,
          1.0,
          0.20542557103154618
        ],
        [
          -0.7265767268085057,
          0.20542557103154618,
          1.0
        ]
      ],
      "spearman": [
        [
          1.0,
          -0.5560975609756098,
          -0.6941838649155722
        ],
        [
          -0.5560975609756098,
          1.0,
          0.18180112570356471
        ],
        [
          -0.6941838649155722,
          0.18180112570356471,
          1.0
        ]
      ]
    },
    "LN": {
      "n": 160,
      "pearson": [
        [
          1.0,
          -0.8886893324071162,
          -0.9219875890201759
        ],
        [
          -0.8886893324071162,
          1.0,
          0.8449078295440378
        ],
        [
          -0.9219875890201759,
          0.8449078295440378,
          1.0
        ]
      ],
      "spearman": [
        [
          1.0,
          -0.7744360902255638,
          -0.9218045112781953
        ],
        [
          -0.7744360902255638,
          1.0,
          0.7789473684210525
        ],
        [
          -0.9218045112781953,
          0.7789473684210525,
          1.0
        ]
      ]
    },
    "NB": {
      "n": 160,
      "pearson": [
        [
          1.0,
          -0.7840489308519721,
          -0.8504776890062442
        ],
        [
          -0.7840489308519721,
          1.0,
          0.8645592966211654
        ],
        [
          -0.8504776890062442,
          0.8645592966211654,
          1.0
        ]
      ],
      "spearman": [
        [
          1.0,
          -0.7263157894736839,
          -0.7308270676691727
        ],
        [
          -0.7263157894736839,
          1.0,
          0.7443609022556389
        ],
        [
          -0.7308270676691727,
          0.7443609022556389,
          1.0
        ]
      ]
    }
  },
  "trio": {
    "all": {
      "happy.sad~fearful.unflinching": {
        "n": 960,
        "pearson": -0.9165211130592306,
        "spearman": -0.8745051978019202
      },
      "happy.sad~angry.calm": {
        "n": 960,
        "pearson": -0.7976798194502606,
        "spearman": -0.7447944460780392
      },
      "fearful.unflinching~angry.calm": {
        "n": 960,
        "pearson": 0.9079768386549854,
        "spearman": 0.8563368931230507
      }
    },
    "HP": {
      "happy.sad~fearful.unflinching": {
        "n": 160,
        "pearson": -0.874204636764292,
        "spearman": -0.7518899011436324
      },
      "happy.sad~angry.calm": {
        "n": 160,
        "pearson": -0.783226501719924,
        "spearman": -0.834511033968293
      },
      "fearful.unflinching~angry.calm": {
        "n": 160,
        "pearson": 0.568713107412335,
        "spearman": 0.5894083302495785
      }
    },
    "LP": {
      "happy.sad~fearful.unflinching": {
        "n": 160,
        "pearson": -0.6475524070234799,
        "spearman": -0.6210526315789472
      },
      "happy.sad~angry.calm": {
        "n": 160,
        "pearson": -0.3736021136599883,
        "spearman": -0.18796992481203004
      },
      "fearful.unflinching~angry.calm": {
        "n": 160,
        "pearson": 0.682521216470551,
        "spearman": 0.6902255639097743
      }
    },
    "HN": {
      "happy.sad~fearful.unflinching": {
        "n": 320,
        "pearson": -0.7265767268085057,
        "spearman": -0.6941838649155722
      },
      "happy.sad~angry.calm": {
        "n": 320,
        "pearson": -0.5293405293757037,
        "spearman": -0.5560975609756098
      },
      "fearful.unflinching~angry.calm": {
        "n": 320,
        "pearson": 0.20542557103154618,
        "spearman": 0.18180112570356471
      }
    },
    "LN": {
      "happy.sad~fearful.unflinching": {
        "n": 160,
        "pearson": -0.9219875890201759,
        "spearman": -0.9218045112781953
      },
      "happy.sad~angry.calm": {
        "n": 160,
        "pearson": -0.8886893324071162,
        "spearman": -0.7744360902255638
      },
      "fearful.unflinching~angry.calm": {
        "n": 160,
        "pearson": 0.8449078295440378,
        "spearman": 0.7789473684210525
      }
    },
    "NB": {
      "happy.sad~fearful.unflinching": {
        "n": 160,
        "pearson": -0.8504776890062442,
        "spearman": -0.7308270676691727
      },
      "happy.sad~angry.calm": {
        "n": 160,
        "pearson": -0.7840489308519721,
        "spearman": -0.7263157894736839
      },
      "fearful.unflinching~angry.calm": {
        "n": 160,
        "pearson": 0.8645592966211654,
        "spearman": 0.7443609022556389
      }
    }
  }
}