{
  "probes": [
    "happy.sad",
    "angry.calm",
    "fearful.unflinching",
    "disgusted.accepting",
    "powerful.powerless",
    "surprised.unsurprised"
  ],
  "by_subset": {
    "all": {
      "n": 960,
      "pearson": [
        [
          1.0,
          0.002803365146564419,
          -0.828617549286237,
          -0.6485826422666804,
          0.9432466874248031,
          -0.5918995822999957
        ],
        [
          0.002803365146564419,
          1.0,
          0.11456939587643158,
          0.5437449205497175,
          -0.024515944195505075,
          0.4584939413320517
        ],
        [
          -0.828617549286237,
          0.11456939587643158,
          1.0,
          0.6036590509587672,
          -0.813648312894473,
          0.5372741676969466
        ],
        [
          -0.6485826422666804,
          0.5437449205497175,
          0.6036590509587672,
          1.0,
          -0.725709997589051,
          0.8733122779776651
        ],
        [
          0.9432466874248031,
          -0.024515944195505075,
          -0.813648312894473,
          -0.725709997589051,
          1.0,
          -0.687759120287304
        ],
        [
          -0.5918995822999957,
          0.4584939413320517,
          0.5372741676969466,
          0.8733122779776651,
          -0.687759120287304,
          1.0
        ]
      ],
      "spearman": [
        [
          1.0,
          -0.051225779568025556,
          -0.8397597055351065,
          -0.6581845961525106,
          0.9122647406069864,
          -0.6092784221126466
        ],
        [
          -0.051225779568025556,
          1.0,
          0.15870546565733729,
          0.5332800888950622,
          -0.03507882491839711,
          0.43309257587332445
        ],
        [
          -0.8397597055351065,
          0.15870546565733729,
          1.0,
          0.6239738870754912,
          -0.8275019098548508,
          0.5638794360719495
        ],
        [
          -0.6581845961525106,
          0.5332800888950622,
          0.6239738870754912,
          1.0,
          -0.7189527050489617,
          0.8913952357802623
        ],
        [
          0.9122647406069864,
          -0.03507882491839711,
          -0.8275019098548508,
          -0.7189527050489617,
          1.0,
          -0.6829224251684144
        ],
        [
          -0.6092784221126466,
          0.43309257587332445,
          0.5638794360719495,
          0.8913952357802623,
          -0.6829224251684144,
          1.0
        ]
      ]
    },
    "HP": {
      "n": 160,
      "pearson": [
        [
          1.0,
          0.16159239925267785,
          -0.9225271697382088,
          -0.5414461396764823,
          0.8577213491673914,
          -0.5389168360610188
        ],
        [
          0.16159239925267785,
          1.0,
          -0.09384501532871224,
          0.43572449967791654,
          0.21527606045035916,
          0.30772725842651105
        ],
        [
          -0.9225271697382088,
          -0.09384501532871224,
          1.0,
          0.5460016433105457,
          -0.8151641493617383,
          0.4970879224954289
        ],
        [
          -0.5414461396764823,
          0.43572449967791654,
          0.5460016433105457,
          1.0,
          -0.6806642735445421,
          0.7440655253001149
        ],
        [
          0.8577213491673914,
          0.21527606045035916,
          -0.8151641493617383,
          -0.6806642735445421,
          1.0,
          -0.6413667068468132
        ],
        [
          -0.5389168360610188,
          0.30772725842651105,
          0.4970879224954289,
          0.7440655253001149,
          -0.6413667068468132,
          1.0
        ]
      ],
      "spearman": [
        [
          1.0,
          0.060150375939849614,
          -0.9263157894736839,
          -0.5548872180451128,
          0.8345864661654135,
          -0.48721804511278194
        ],
        [
          0.060150375939849614,
          1.0,
          -0.08421052631578946,
          0.42857142857142855,
          0.1413533834586466,
          0.237593984962406
        ],
        [
          -0.9263157894736839,
          -0.08421052631578946,
          1.0,
          0.4691729323308271,
          -0.7864661654135339,
          0.43157894736842106
        ],
        [
          -0.5548872180451128,
          0.42857142857142855,
          0.4691729323308271,
          1.0,
          -0.6781954887218046,
          0.7864661654135339
        ],
        [
          0.8345864661654135,
          0.1413533834586466,
          -0.7864661654135339,
          -0.6781954887218046,
          1.0,
          -0.7368421052631579
        ],
        [
          -0.48721804511278194,
          0.237593984962406,
          0.43157894736842106,
          0.7864661654135339,
          -0.7368421052631579,
          1.0
        ]
      ]
    },
    "LP": {
      "n": 160,
      "pearson": [
        [
          1.0,
          -0.28210478708853737,
          -0.3009985142056919,
          -0.4071035323062979,
          0.6538456417517384,
          -0.10667679618600702
        ],
        [
          -0.28210478708853737,
          1.0,
          0.13984058687193643,
          0.46994336498526257,
          -0.25046175095432177,
          0.6099575982748872
        ],
        [
          -0.3009985142056919,
          0.13984058687193643,
          1.0,
          0.4411874122315737,
          -0.40166007993792774,
          0.45651174369546954
        ],
        [
          -0.4071035323062979,
          0.46994336498526257,
          0.4411874122315737,
          1.0,
          -0.7490019174528285,
          0.520311948795241
        ],
        [
          0.6538456417517384,
          -0.25046175095432177,
          -0.40166007993792774,
          -0.7490019174528285,
          1.0,
          -0.5194569639651482
        ],
        [
          -0.10667679618600702,
          0.6099575982748872,
          0.45651174369546954,
          0.520311948795241,
          -0.5194569639651482,
          1.0
        ]
      ],
      "spearman": [
        [
          1.0,
          -0.3323308270676691,
          -0.4421052631578946,
          -0.4300751879699248,
          0.6646616541353383,
          -0.20601503759398496
        ],
        [
          -0.3323308270676691,
          1.0,
          0.24962406015037586,
          0.4240601503759398,
          -0.25413533834586466,
          0.5759398496240602
        ],
        [
          -0.4421052631578946,
          0.24962406015037586,
          1.0,
          0.5187969924812029,
          -0.4030075187969924,
          0.26315789473684204
        ],
        [
          -0.4300751879699248,
          0.4240601503759398,
          0.5187969924812029,
          1.0,
          -0.7097744360902256,
          0.41954887218045106
        ],
        [
          0.6646616541353383,
          -0.25413533834586466,
          -0.4030075187969924,
          -0.7097744360902256,
          1.0,
          -0.5894736842105264
        ],
        [
          -0.20601503759398496,
          0.5759398496240602,
          0.26315789473684204,
          0.41954887218045106,
          -0.5894736842105264,
          1.0
        ]
      ]
    },
    "HN": {
      "n": 320,