component	explained_variance_pct	t0_happy.sad_r	tlast_happy.sad_r	t0_angry.calm_r	tlast_angry.calm_r	t0_fearful.unflinching_r	tlast_fearful.unflinching_r
PC1	15.829181671142578	-0.2128282885330885	-0.24670207010254094	0.49899549548831545	0.2822001984734668	0.6583355462525222	0.18071333075645477
PC2	12.533111572265625	-0.832426620353691	-0.45142341261693764	-0.3781964254144414	-0.10195174080347072	0.1963458250705445	0.2629332777600901
PC3	9.5420503616333	-0.030255277928754563	-0.08104573668258802	0.3823091439335444	0.25664712397518324	0.20778774213386625	0.11753700476718604
PC4	6.216889381408691	0.05077687027114358	0.03192227936521668	-0.24836866957614467	0.021344358979002657	-0.23258072758555937	0.01144435725465571
PC5	4.836459636688232	-0.21543479274771393	-0.07175868488709064	0.2518255601157599	0.10780221749790699	0.47900760110875573	0.10735231524568761
PC6	4.23239278793335	-0.24071553503979634	-0.015941465477807955	0.2005671605730383	-0.058378212532151474	0.08531284458989247	-0.11215960996979887
PC7	3.081195116043091	-0.09810703276094444	0.03704301765493061	-0.061127067915683564	-0.0639949241981697	0.055918478744095834	0.0069904810950695805
PC8	2.348564386367798	-0.019318461568937274	0.020934589961348032	0.1212990434618145	0.002196484820037571	0.005170040382357471	-0.008208011016968945
