{
  "ref_model": "gemma",
  "target_model": "qwen",
  "n_paired_rows": 948,
  "gemma_deepest_layer": 57,
  "qwen_deepest_layer": 61,
  "cka_deepest_pair": 0.9295074939727783,
  "cka_max": 0.9387011528015137,
  "cka_max_layers": [
    55,
    54
  ],
  "cca_top10_correlations": [
    0.9957021930495747,
    0.990087060199024,
    0.9819900931007156,
    0.9791777159506115,
    0.9701305103481016,
    0.9536932294141939,
    0.9477712850610406,
    0.9100782631997293,
    0.9205583960237419,
    0.8943317542356196
  ]
}