{
  "ref_model": "gemma",
  "target_model": "gpt_oss_20b",
  "n_paired_rows": 959,
  "gemma_deepest_layer": 57,
  "gpt_oss_20b_deepest_layer": 21,
  "cka_deepest_pair": 0.5479229092597961,
  "cka_max": 0.7528468370437622,
  "cka_max_layers": [
    18,
    11
  ],
  "cca_top10_correlations": [
    0.9004061203819047,
    0.9586348439890976,
    0.9276925319773348,
    0.8562595200644776,
    0.8658286698502226,
    0.8322705141936545,
    0.8284743834672739,
    0.7234284689802888,
    0.6843095539514754,
    0.5159929753700045
  ]
}