{
  "ref_model": "gemma",
  "target_model": "granite",
  "n_paired_rows": 377,
  "gemma_deepest_layer": 57,
  "granite_deepest_layer": 61,
  "cka_deepest_pair": 0.9290487170219421,
  "cka_max": 0.9290487170219421,
  "cka_max_layers": [
    57,
    61
  ],
  "cca_top10_correlations": [
    0.9954193416056569,
    0.986775613866519,
    0.9794676825862051,
    0.9759961475000724,
    0.9589891901680866,
    0.9570608139880281,
    0.9491169058277222,
    0.9281306271701434,
    0.8707593741460902,
    0.8454524387884013
  ]
}