{
  "n_paired_rows": 984,
  "gemma_layer": 50,
  "qwen_layer": 59,
  "gemma_deepest_layer": 57,
  "qwen_deepest_layer": 61,
  "cka_preferred_pair": 0.8408884406089783,
  "cka_deepest_pair": 0.8527224659919739,
  "cka_max": 0.864108681678772,
  "cka_max_layers": [
    52,
    60
  ],
  "cca_top10_correlations": [
    0.9852391095620298,
    0.9711446293986755,
    0.9746631129624588,
    0.9698262338693385,
    0.9658907670766326,
    0.9448390615603086,
    0.931179317047984,
    0.9204549327871566,
    0.902383433463741,
    0.8945827139227336
  ],
  "procrustes_rotation_deg": 22.253210067749023,
  "procrustes_residual": 11.721980094909668,
  "common_quadrants": [
    "HP",
    "LP",
    "HN",
    "LN",
    "NB"
  ],
  "gemma_centroids": {
    "HP": [
      -9.774126052856445,
      -4.579039573669434
    ],
    "LP": [
      -3.891874313354492,
      7.076716423034668
    ],
    "HN": [
      5.696537494659424,
      -3.4600069522857666
    ],
    "LN": [
      7.232908725738525,
      -0.12241639941930771
    ],
    "NB": [
      -5.814456462860107,
      5.064674377441406
    ]
  },
  "qwen_centroids": {
    "HP": [
      -31.560522079467773,
      1.882896065711975
    ],
    "LP": [
      -24.666507720947266,
      15.153833389282227
    ],
    "HN": [
      27.559467315673828,
      -17.569765090942383
    ],
    "LN": [
      25.17473793029785,
      31.738677978515625
    ],
    "NB": [
      -28.2006778717041,
      -11.000143051147461
    ]
  }
}