{
  "n_paired_rows": 800,
  "gemma_layer": 31,
  "qwen_layer": 61,
  "gemma_deepest_layer": 57,
  "qwen_deepest_layer": 61,
  "cka_preferred_pair": 0.7981206178665161,
  "cka_deepest_pair": 0.8438199162483215,
  "cka_max": 0.8581779599189758,
  "cka_max_layers": [
    52,
    58
  ],
  "cca_top10_correlations": [
    0.9821265806347925,
    0.9763065454974633,
    0.9659034846054729,
    0.942836685984974,
    0.9429273762405236,
    0.942056170951948,
    0.9277984465197574,
    0.9436035185274813,
    0.9092164742891514,
    0.8997854032334606
  ],
  "procrustes_rotation_deg": 7.836595058441162,
  "procrustes_residual": 5.6994171142578125,
  "common_quadrants": [
    "HP",
    "LP",
    "HN",
    "LN",
    "NB"
  ],
  "gemma_centroids": {
    "HP": [
      -9.466113090515137,
      -6.19086217880249
    ],
    "LP": [
      -3.5230422019958496,
      1.4322372674942017
    ],
    "HN": [
      12.035624504089355,
      3.7373204231262207
    ],
    "LN": [
      10.377193450927734,
      -5.981442451477051
    ],
    "NB": [
      -9.423002243041992,
      7.001804351806641
    ]
  },
  "qwen_centroids": {
    "HP": [
      -32.168235778808594,
      -29.749088287353516
    ],
    "LP": [
      -15.24714469909668,
      -3.1110622882843018
    ],
    "HN": [
      28.974811553955078,
      18.641759872436523
    ],
    "LN": [
      44.11882781982422,
      -13.869394302368164
    ],
    "NB": [
      -25.678207397460938,
      28.087738037109375
    ]
  }
}