{
  "ref_model": "gemma",
  "target_model": "ministral",
  "n_paired_rows": 881,
  "gemma_deepest_layer": 57,
  "ministral_deepest_layer": 37,
  "cka_deepest_pair": 0.7143398523330688,
  "cka_max": 0.8264548778533936,
  "cka_max_layers": [
    31,
    19
  ],
  "cca_top10_correlations": [
    0.9784139796147168,
    0.9732793611754256,
    0.9205732288132451,
    0.9303788960974376,
    0.8702982979554488,
    0.7188199546196973,
    0.7176584100466868,
    0.6342474367209193,
    0.6418123313246054,
    0.47106593116315754
  ]
}