{
  "n_paired_rows": 956,
  "gemma_layer": 50,
  "qwen_layer": 59,
  "gemma_deepest_layer": 57,
  "qwen_deepest_layer": 61,
  "cka_preferred_pair": 0.9089237451553345,
  "cka_deepest_pair": 0.9296486377716064,
  "cka_max": 0.9388030171394348,
  "cka_max_layers": [
    55,
    54
  ],
  "cca_top10_correlations": [
    0.9932381781372802,
    0.988084984615732,
    0.9827992542832837,
    0.9719604216109593,
    0.966234065698935,
    0.9347264533213485,
    0.9414773797795407,
    0.8862758778315077,
    0.8842329240618527,
    0.8680412485066357
  ],
  "procrustes_rotation_deg": 160.5942840576172,
  "procrustes_residual": 6.777677536010742,
  "common_quadrants": [
    "HP",
    "LP",
    "HN",
    "LN",
    "NB"
  ],
  "gemma_centroids": {
    "HP": [
      -19.93338394165039,
      15.563047409057617
    ],
    "LP": [
      -13.2749605178833,
      -8.748331069946289
    ],
    "HN": [
      15.811188697814941,
      7.544366836547852
    ],
    "LN": [
      10.4307861328125,
      -13.129026412963867
    ],
    "NB": [
      -8.790709495544434,
      -8.920844078063965
    ]
  },
  "qwen_centroids": {
    "HP": [
      32.823486328125,
      -66.27027130126953
    ],
    "LP": [
      58.073822021484375,
      18.771448135375977
    ],
    "HN": [
      -56.4143180847168,
      -6.788736343383789
    ],
    "LN": [
      -24.499303817749023,
      41.76003646850586
    ],
    "NB": [
      46.50634002685547,
      19.782054901123047
    ]
  }
}