{
  "n_paired_rows": 984,
  "gemma_layer": 31,
  "qwen_layer": 61,
  "gemma_deepest_layer": 57,
  "qwen_deepest_layer": 61,
  "cka_preferred_pair": 0.8170698881149292,
  "cka_deepest_pair": 0.8527224659919739,
  "cka_max": 0.864108681678772,
  "cka_max_layers": [
    52,
    60
  ],
  "cca_top10_correlations": [
    0.9873484488098644,
    0.9761425716956851,
    0.9706572153938184,
    0.9661740241872178,
    0.9454943264424899,
    0.9263598944630309,
    0.938086951495814,
    0.9351337605792952,
    0.8831411112673963,
    0.8810082746805649
  ],
  "procrustes_rotation_deg": 0.2929067015647888,
  "procrustes_residual": 5.279849052429199,
  "common_quadrants": [
    "HP",
    "LP",
    "HN",
    "LN",
    "NB"
  ],
  "gemma_centroids": {
    "HP": [
      -11.826395988464355,
      2.564937114715576
    ],
    "LP": [
      -6.463748931884766,
      3.0400800704956055
    ],
    "HN": [
      10.654068946838379,
      -4.699472427368164
    ],
    "LN": [
      6.70906925201416,
      8.98628044128418
    ],
    "NB": [
      -11.324063301086426,
      -4.487494468688965
    ]
  },
  "qwen_centroids": {
    "HP": [
      -37.6361198425293,
      0.6164202690124512
    ],
    "LP": [
      -28.166107177734375,
      17.23554229736328
    ],
    "HN": [
      31.694000244140625,
      -19.848344802856445
    ],
    "LN": [
      28.125036239624023,
      36.75743865966797
    ],
    "NB": [
      -30.464641571044922,
      -11.935400009155273
    ]
  }
}