{
  "gemma": {
    "layer": 50,
    "n_faces_kept": 17,
    "hidden_to_face_accuracy": 0.6791044776119403,
    "hidden_to_face_macro_f1": 0.3719066432565825,
    "hidden_to_face_majority_baseline": 0.22388059701492538,
    "hidden_to_face_uniform_baseline": 0.058823529411764705,
    "hidden_to_quadrant_accuracy": 0.9512195121951219,
    "face_to_hidden_top5_weighted_eta2": 0.5428996093203245,
    "face_to_hidden_top5_eta2_normalized": 0.7273390507212545,
    "face_centroid_r2_full_hidden": 0.5799508742042621,
    "face_centroid_mean_cosine": 0.7540628732021238,
    "face_centroid_error_ratio": 0.6341718435287476,
    "quadrant_centroid_r2_full_hidden": 0.5302880892842012
  },
  "qwen": {
    "layer": 59,
    "n_faces_kept": 31,
    "hidden_to_face_accuracy": 0.3893709327548807,
    "hidden_to_face_macro_f1": 0.14740422416708643,
    "hidden_to_face_majority_baseline": 0.11496746203904555,
    "hidden_to_face_uniform_baseline": 0.03225806451612903,
    "hidden_to_quadrant_accuracy": 0.943089430894309,
    "face_to_hidden_top5_weighted_eta2": 0.5436034850475283,
    "face_to_hidden_top5_eta2_normalized": 0.7697052708730652,
    "face_centroid_r2_full_hidden": 0.5703260840183509,
    "face_centroid_mean_cosine": 0.7449087338974606,
    "face_centroid_error_ratio": 0.6417224407196045,
    "quadrant_centroid_r2_full_hidden": 0.5200618230749722
  },
  "ministral": {
    "layer": 20,
    "n_faces_kept": 21,
    "hidden_to_face_accuracy": 0.3997175141242938,
    "hidden_to_face_macro_f1": 0.06576207009016953,
    "hidden_to_face_majority_baseline": 0.3403954802259887,
    "hidden_to_face_uniform_baseline": 0.047619047619047616,
    "hidden_to_quadrant_accuracy": 0.9033613445378151,
    "face_to_hidden_top5_weighted_eta2": 0.2036796612470256,
    "face_to_hidden_top5_eta2_normalized": 0.3521229655752705,
    "face_centroid_r2_full_hidden": 0.21921995520127724,
    "face_centroid_mean_cosine": 0.44017255624018264,
    "face_centroid_error_ratio": 0.8824470639228821,
    "quadrant_centroid_r2_full_hidden": 0.352238932010553
  }
}