{
  "gemma": {
    "layer": 31,
    "n_faces_kept": 19,
    "hidden_to_face_accuracy": 0.7465968586387435,
    "hidden_to_face_macro_f1": 0.5391009334358406,
    "hidden_to_face_majority_baseline": 0.2198952879581152,
    "hidden_to_face_uniform_baseline": 0.05263157894736842,
    "hidden_to_quadrant_accuracy": 1.0,
    "face_to_hidden_top5_weighted_eta2": 0.21493099172081798,
    "face_to_hidden_top5_eta2_normalized": 0.5454561324414762,
    "face_centroid_r2_full_hidden": 0.2712151870069993,
    "face_centroid_mean_cosine": 0.5039234443454326,
    "face_centroid_error_ratio": 0.849962055683136,
    "quadrant_centroid_r2_full_hidden": 0.24956076114931447
  },
  "qwen": {
    "layer": null,
    "n_faces_kept": 31,
    "hidden_to_face_accuracy": 0.5162689804772235,
    "hidden_to_face_macro_f1": 0.29655163764213816,
    "hidden_to_face_majority_baseline": 0.11496746203904555,
    "hidden_to_face_uniform_baseline": 0.03225806451612903,
    "hidden_to_quadrant_accuracy": 0.9979674796747967,
    "face_to_hidden_top5_weighted_eta2": 0.23573710298022138,
    "face_to_hidden_top5_eta2_normalized": 0.6221835342767659,
    "face_centroid_r2_full_hidden": 0.291487804886587,
    "face_centroid_mean_cosine": 0.5305954482224052,
    "face_centroid_error_ratio": 0.8349030613899231,
    "quadrant_centroid_r2_full_hidden": 0.2534554631461059
  },
  "ministral": {
    "layer": 21,
    "n_faces_kept": 23,
    "hidden_to_face_accuracy": 0.4951321279554937,
    "hidden_to_face_macro_f1": 0.18827190791324339,
    "hidden_to_face_majority_baseline": 0.33518776077885953,
    "hidden_to_face_uniform_baseline": 0.043478260869565216,
    "hidden_to_quadrant_accuracy": 0.9863445378151261,
    "face_to_hidden_top5_weighted_eta2": 0.16201526218718515,
    "face_to_hidden_top5_eta2_normalized": 0.3741316281157901,
    "face_centroid_r2_full_hidden": 0.19548558772226898,
    "face_centroid_mean_cosine": 0.41227647341186796,
    "face_centroid_error_ratio": 0.8928004503250122,
    "quadrant_centroid_r2_full_hidden": 0.24671718400148523
  }
}