{
  "gemma": {
    "layer": 50,
    "n_faces_kept": 22,
    "hidden_to_face_accuracy": 0.6998904709748083,
    "hidden_to_face_macro_f1": 0.26628097389651173,
    "hidden_to_face_majority_baseline": 0.21029572836801752,
    "hidden_to_face_uniform_baseline": 0.045454545454545456,
    "hidden_to_quadrant_accuracy": 1.0,
    "face_to_hidden_top5_weighted_eta2": 0.5716459618984405,
    "face_to_hidden_top5_eta2_normalized": 0.759858440927837,
    "face_centroid_r2_full_hidden": 0.6148669944901797,
    "face_centroid_mean_cosine": 0.7762935425665919,
    "face_centroid_error_ratio": 0.5936906933784485,
    "quadrant_centroid_r2_full_hidden": 0.5665995990624748
  },
  "qwen": {
    "layer": 59,
    "n_faces_kept": 33,
    "hidden_to_face_accuracy": 0.41102181400688864,
    "hidden_to_face_macro_f1": 0.1392814388063591,
    "hidden_to_face_majority_baseline": 0.12629161882893225,
    "hidden_to_face_uniform_baseline": 0.030303030303030304,
    "hidden_to_quadrant_accuracy": 0.9832635983263598,
    "face_to_hidden_top5_weighted_eta2": 0.5631450276899695,
    "face_to_hidden_top5_eta2_normalized": 0.7949305011635444,
    "face_centroid_r2_full_hidden": 0.5837196711448729,
    "face_centroid_mean_cosine": 0.7527924978968726,
    "face_centroid_error_ratio": 0.6218087077140808,
    "quadrant_centroid_r2_full_hidden": 0.5574439805767331
  },
  "ministral": {
    "layer": 20,
    "n_faces_kept": 23,
    "hidden_to_face_accuracy": 0.41550387596899224,
    "hidden_to_face_macro_f1": 0.07379181209475019,
    "hidden_to_face_majority_baseline": 0.3457364341085271,
    "hidden_to_face_uniform_baseline": 0.043478260869565216,
    "hidden_to_quadrant_accuracy": 0.9827213822894169,
    "face_to_hidden_top5_weighted_eta2": 0.19943944132689545,
    "face_to_hidden_top5_eta2_normalized": 0.3354021492615225,
    "face_centroid_r2_full_hidden": 0.21952139083837185,
    "face_centroid_mean_cosine": 0.4442036300731774,
    "face_centroid_error_ratio": 0.8760120272636414,
    "quadrant_centroid_r2_full_hidden": 0.43026766740941425
  }
}