{
  "reference_model": "gemma",
  "common_quadrants": [
    "HP",
    "LP",
    "HN-D",
    "HN-S",
    "LN",
    "NB"
  ],
  "rep": "h_first.layer-stack",
  "models": {
    "gemma": {
      "n_rows": 960,
      "explained_variance_ratio_pc123": [
        0.3019213080406189,
        0.15701593458652496,
        0.09273234754800797
      ],
      "centroids_3d": {
        "HP": [
          73.42399597167969,
          -116.46861267089844,
          -36.7584342956543
        ],
        "LP": [
          91.22087097167969,
          35.67362976074219,
          -13.122906684875488
        ],
        "HN-D": [
          -113.8056411743164,
          -27.770954132080078,
          50.68654251098633
        ],
        "HN-S": [
          -88.74380493164062,
          -10.923245429992676,
          4.9538984298706055
        ],
        "LN": [
          -57.493629455566406,
          65.59840393066406,
          -64.09513854980469
        ],
        "NB": [
          95.39810943603516,
          53.890716552734375,
          58.33606719970703
        ]
      },
      "procrustes_rotation_deg": 0.0,
      "procrustes_residual": 0.0,
      "procrustes_R": [
        [
          1.0,
          0.0,
          0.0
        ],
        [
          0.0,
          1.0,
          0.0
        ],
        [
          0.0,
          0.0,
          1.0
        ]
      ]
    },
    "qwen": {
      "n_rows": 949,
      "explained_variance_ratio_pc123": [
        0.3052755892276764,
        0.17291903495788574,
        0.09497181326150894
      ],
      "centroids_3d": {
        "HP": [
          84.45138549804688,
          -179.43406677246094,
          -63.33457946777344
        ],
        "LP": [
          157.1858367919922,
          49.023311614990234,
          -3.305447816848755
        ],
        "HN-D": [
          -185.2256622314453,
          -45.286643981933594,
          80.39083862304688
        ],
        "HN-S": [
          -112.22450256347656,
          7.644565582275391,
          -18.67156982421875
        ],
        "LN": [
          -71.5750961303711,
          112.61752319335938,
          -82.41099548339844
        ],
        "NB": [
          130.09214782714844,
          57.146156311035156,
          88.50794982910156
        ]
      },
      "procrustes_rotation_deg": 8.190743304997879,
      "procrustes_residual": 32.55850601196289,
      "procrustes_R": [
        [
          0.9943203330039978,
          0.09377535432577133,
          -0.05033149942755699
        ],
        [
          -0.09813763946294785,
          0.9908514022827148,
          -0.09264203161001205
        ],
        [
          0.041183486580848694,
          0.09705517441034317,
          0.9944266676902771
        ]
      ]
    },
    "ministral": {
      "n_rows": 915,
      "explained_variance_ratio_pc123": [
        0.2189696580171585,
        0.1404758095741272,
        0.08392887562513351
      ],
      "centroids_3d": {
        "HP": [
          18.754610061645508,
          -49.9752311706543,
          -17.97703742980957
        ],
        "LP": [
          33.38439178466797,
          13.359514236450195,
          -14.348822593688965
        ],
        "HN-D": [
          -37.12836456298828,
          7.253771781921387,
          4.812431812286377
        ],
        "HN-S": [
          -27.53294563293457,
          0.6823952794075012,
          6.141700744628906
        ],
        "LN": [
          -27.733295440673828,
          6.7497878074646,
          -1.1798053979873657
        ],
        "NB": [
          42.410423278808594,
          20.623659133911133,
          20.350019454956055
        ]
      },
      "procrustes_rotation_deg": 9.593208931459937,
      "procrustes_residual": 106.01917266845703,
      "procrustes_R": [
        [
          0.9869424104690552,
          0.08604614436626434,
          0.13616597652435303
        ],
        [
          -0.09184545278549194,
          0.9950900077819824,
          0.03688493371009827
        ],
        [
          -0.13232356309890747,
          -0.04890981316566467,
          0.9899992942810059
        ]
      ]
    },
    "gpt_oss_20b": {
      "n_rows": 959,
      "explained_variance_ratio_pc123": [
        0.158291757106781,
        0.12533104419708252,
        0.09542065858840942
      ],
      "centroids_3d": {
        "HP": [
          257.74114990234375,
          -1805.1968994140625,
          578.58935546875
        ],
        "LP": [
          -1141.3380126953125,
          -155.290283203125,
          -236.355712890625
        ],
        "HN-D": [
          1075.95068359375,
          658.3736572265625,
          -30.074817657470703
        ],
        "HN-S": [
          590.57666015625,
          653.1641845703125,
          499.82647705078125
        ],
        "LN": [
          482.18243408203125,
          528.4998779296875,
          41.723751068115234
        ],
        "NB": [
          -1272.2481689453125,
          119.479248046875,
          -855.18505859375
        ]
      },
      "procrustes_rotation_deg": 167.1790937086223,
      "procrustes_residual": 114.08609008789062,
      "procrustes_R": [
        [
          -0.7833406925201416,
          -0.5799859762191772,
          0.2235916405916214
        ],
        [
          -0.5892057418823242,
          0.8074199557304382,
          0.03015848994255066
        ],
        [
          -0.19802385568618774,
          -0.10811704397201538,
          -0.9742161631584167
        ]
      ]
    },
    "granite": {
      "n_rows": 703,
      "explained_variance_ratio_pc123": [
        0.27563926577568054,
        0.14057140052318573,
        0.07516177743673325
      ],
      "centroids_3d": {
        "HP": [
          90.06310272216797,
          124.6351318359375,
          29.40834617614746
        ],
        "LP": [
          96.74868774414062,
          -37.68897247314453,
          6.182261943817139
        ],
        "HN-D": [
          -77.68025970458984,
          13.885562896728516,
          -3.2340638637542725
        ],
        "HN-S": [
          -53.14179611206055,
          12.717769622802734,
          -41.21539306640625
        ],
        "LN": [
          -34.05872344970703,
          -41.32780075073242,
          56.06873321533203
        ],
        "NB": [
          83.63493347167969,
          -48.12065887451172,
          -31.500503540039062
        ]
      },
      "procrustes_rotation_deg": 174.447602873919,
      "procrustes_residual": 76.4573745727539,
      "procrustes_R": [
        [
          0.999527096748352,
          -0.0202938299626112,
          -0.02310996502637863
        ],
        [
          -0.02243494801223278,
          -0.9950795769691467,
          -0.09650960564613342
        ],
        [
          -0.021037699654698372,
          0.09698229283094406,
          -0.9950637817382812
        ]
      ]
    }
  }
}