{
  "reference_model": "gemma",
  "common_quadrants": [
    "HP",
    "LP",
    "HN-D",
    "HN-S",
    "LN",
    "NB"
  ],
  "rep": "h_first.layer-stack",
  "models": {
    "gemma": {
      "n_rows": 960,
      "explained_variance_ratio_pc123": [
        0.3019214868545532,
        0.1570161134004593,
        0.09273236989974976
      ],
      "centroids_3d": {
        "HP": [
          73.4242935180664,
          -116.46888732910156,
          -36.758140563964844
        ],
        "LP": [
          91.22108459472656,
          35.67374801635742,
          -13.123133659362793
        ],
        "HN-D": [
          -113.8055648803711,
          -27.770883560180664,
          50.686424255371094
        ],
        "HN-S": [
          -88.74375915527344,
          -10.923357009887695,
          4.954248428344727
        ],
        "LN": [
          -57.49394607543945,
          65.5981216430664,
          -64.09529876708984
        ],
        "NB": [
          95.3979721069336,
          53.891143798828125,
          58.3360595703125
        ]
      },
      "procrustes_rotation_deg": 0.0,
      "procrustes_residual": 0.0,
      "procrustes_R": [
        [
          1.0,
          0.0,
          0.0
        ],
        [
          0.0,
          1.0,
          0.0
        ],
        [
          0.0,
          0.0,
          1.0
        ]
      ]
    },
    "qwen": {
      "n_rows": 949,
      "explained_variance_ratio_pc123": [
        0.30527564883232117,
        0.17291882634162903,
        0.09497169405221939
      ],
      "centroids_3d": {
        "HP": [
          84.45111846923828,
          -179.43411254882812,
          -63.334449768066406
        ],
        "LP": [
          157.18592834472656,
          49.023040771484375,
          -3.305363893508911
        ],
        "HN-D": [
          -185.22544860839844,
          -45.286529541015625,
          80.39109802246094
        ],
        "HN-S": [
          -112.22456359863281,
          7.644789218902588,
          -18.671884536743164
        ],
        "LN": [
          -71.5749740600586,
          112.6174087524414,
          -82.41059875488281
        ],
        "NB": [
          130.09225463867188,
          57.14598846435547,
          88.50773620605469
        ]
      },
      "procrustes_rotation_deg": 8.190983009381608,
      "procrustes_residual": 32.558895111083984,
      "procrustes_R": [
        [
          0.9943201541900635,
          0.09377793222665787,
          -0.050331566482782364
        ],
        [
          -0.09814032912254333,
          0.9908509254455566,
          -0.09264488518238068
        ],
        [
          0.041183020919561386,
          0.0970582589507103,
          0.9944262504577637
        ]
      ]
    },
    "ministral": {
      "n_rows": 900,
      "explained_variance_ratio_pc123": [
        0.2166685312986374,
        0.1427309662103653,
        0.08287400752305984
      ],
      "centroids_3d": {
        "HP": [
          18.231271743774414,
          -51.03611755371094,
          -16.461162567138672
        ],
        "LP": [
          33.00917434692383,
          13.273639678955078,
          -15.10462474822998
        ],
        "HN-D": [
          -36.92787170410156,
          7.478240966796875,
          5.348833084106445
        ],
        "HN-S": [
          -28.010787963867188,
          1.0550512075424194,
          5.504110813140869
        ],
        "LN": [
          -27.875680923461914,
          6.909467697143555,
          -1.7002606391906738
        ],
        "NB": [
          41.74385070800781,
          20.802148818969727,
          20.452861785888672
        ]
      },
      "procrustes_rotation_deg": 10.197729917550628,
      "procrustes_residual": 104.81694793701172,
      "procrustes_R": [
        [
          0.9867628216743469,
          0.09017486870288849,
          0.13478964567184448
        ],
        [
          -0.09961297363042831,
          0.9929018020629883,
          0.06498682498931885
        ],
        [
          -0.12797270715236664,
          -0.07755336165428162,
          0.9887408018112183
        ]
      ]
    },
    "gpt_oss_20b": {
      "n_rows": 959,
      "explained_variance_ratio_pc123": [
        0.15829171240329742,
        0.12533116340637207,
        0.09542079269886017
      ],
      "centroids_3d": {
        "HP": [
          257.74041748046875,
          -1805.197265625,
          578.5938720703125
        ],
        "LP": [
          -1141.337646484375,
          -155.29042053222656,
          -236.3542938232422
        ],
        "HN-D": [
          1075.952880859375,
          658.3729248046875,
          -30.07720947265625
        ],
        "HN-S": [
          590.5781860351562,
          653.166259765625,
          499.82550048828125
        ],
        "LN": [
          482.18310546875,
          528.499755859375,
          41.72197723388672
        ],
        "NB": [
          -1272.2496337890625,
          119.47782897949219,
          -855.18798828125
        ]
      },
      "procrustes_rotation_deg": 167.17913987853402,
      "procrustes_residual": 114.08601379394531,
      "procrustes_R": [
        [
          -0.7833403944969177,
          -0.5799858570098877,
          0.2235933095216751
        ],
        [
          -0.5892070531845093,
          0.8074190616607666,
          0.03015349805355072
        ],
        [
          -0.19802214205265045,
          -0.10812219977378845,
          -0.9742159247398376
        ]
      ]
    },
    "granite": {
      "n_rows": 699,
      "explained_variance_ratio_pc123": [
        0.27555739879608154,
        0.13773256540298462,
        0.0755619928240776
      ],
      "centroids_3d": {
        "HP": [
          87.54676055908203,
          125.74955749511719,
          31.899045944213867
        ],
        "LP": [
          97.88116455078125,
          -35.24365234375,
          6.288181304931641
        ],
        "HN-D": [
          -77.37708282470703,
          12.94400405883789,
          -3.146442413330078
        ],
        "HN-S": [
          -52.64400100708008,
          13.012619972229004,
          -41.00061798095703
        ],
        "LN": [
          -32.84133529663086,
          -42.509403228759766,
          55.30065155029297
        ],
        "NB": [
          85.31889343261719,
          -45.33354568481445,
          -31.930908203125
        ]
      },
      "procrustes_rotation_deg": 175.44157591778813,
      "procrustes_residual": 76.12664031982422,
      "procrustes_R": [
        [
          0.9998509883880615,
          -0.0006472733803093433,
          -0.01726938784122467
        ],
        [
          -0.00201782607473433,
          -0.996836245059967,
          -0.07946288585662842
        ],
        [
          -0.017163299024105072,
          0.0794856920838356,
          -0.9966883659362793
        ]
      ]
    }
  }
}