{
  "reference_model": "gemma",
  "models": {
    "gemma": {
      "layer": 31,
      "n_rows": 960,
      "explained_variance_ratio_pc123": [
        0.19117842614650726,
        0.07051239162683487,
        0.052998870611190796
      ]
    },
    "qwen": {
      "layer": 61,
      "n_rows": 960,
      "explained_variance_ratio_pc123": [
        0.14337319135665894,
        0.0926370844244957,
        0.06887741386890411
      ]
    },
    "ministral": {
      "layer": 21,
      "n_rows": 928,
      "explained_variance_ratio_pc123": [
        0.18704794347286224,
        0.10480982065200806,
        0.05384020134806633
      ]
    }
  },
  "planes": [
    {
      "plane": "PC1 \u00d7 PC2",
      "pc_indices": [
        0,
        1
      ],
      "common_quadrants": [
        "HP",
        "LP",
        "HN-D",
        "HN-S",
        "LN",
        "NB"
      ],
      "models": {
        "gemma": {
          "centroids": {
            "HP": [
              -11.39793586730957,
              2.7294702529907227
            ],
            "LP": [
              -6.007321357727051,
              3.165961503982544
            ],
            "HN-D": [
              9.806852340698242,
              -5.401418209075928
            ],
            "HN-S": [
              11.321325302124023,
              -4.7852301597595215
            ],
            "LN": [
              7.389379978179932,
              8.490896224975586
            ],
            "NB": [
              -11.112119674682617,
              -4.199748992919922
            ]
          },
          "procrustes_rotation_deg": 0.0,
          "procrustes_residual": 0.0
        },
        "qwen": {
          "centroids": {
            "HP": [
              -36.84443283081055,
              1.7397432327270508
            ],
            "LP": [
              -26.329906463623047,
              18.24441909790039
            ],
            "HN-D": [
              31.144643783569336,
              -21.46384620666504
            ],
            "HN-S": [
              31.227703094482422,
              -22.032930374145508
            ],
            "LN": [
              31.067846298217773,
              34.21637725830078
            ],
            "NB": [
              -30.26596450805664,
              -10.703758239746094
            ]
          },
          "procrustes_rotation_deg": -2.527015209197998,
          "procrustes_residual": 5.643458843231201
        },
        "ministral": {
          "centroids": {
            "HP": [
              3.665947675704956,
              1.2297149896621704
            ],
            "LP": [
              3.6506550312042236,
              1.7550185918807983
            ],
            "HN-D": [
              -4.544850826263428,
              -3.126587390899658
            ],
            "HN-S": [
              -3.106861114501953,
              -1.9486083984375
            ],
            "LN": [
              -3.1923952102661133,
              3.4260294437408447
            ],
            "NB": [
              3.576002359390259,
              -1.1021195650100708
            ]
          },
          "procrustes_rotation_deg": -175.6712188720703,
          "procrustes_residual": 6.397871971130371
        }
      }
    },
    {
      "plane": "PC1 \u00d7 PC3",
      "pc_indices": [
        0,
        2
      ],
      "common_quadrants": [
        "HP",
        "LP",
        "HN-D",
        "HN-S",
        "LN",
        "NB"
      ],
      "models": {
        "gemma": {
          "centroids": {
            "HP": [
              -11.39793586730957,
              -5.841027736663818
            ],
            "LP": [
              -6.007321357727051,
              6.224995136260986
            ],
            "HN-D": [
              9.806852340698242,
              -1.7691066265106201
            ],
            "HN-S": [
              11.321325302124023,
              -2.347945213317871
            ],
            "LN": [
              7.389379978179932,
              -1.6071580648422241
            ],
            "NB": [
              -11.112119674682617,
              5.340433597564697
            ]
          },
          "procrustes_rotation_deg": 0.0,
          "procrustes_residual": 0.0
        },
        "qwen": {
          "centroids": {
            "HP": [
              -36.84443283081055,
              -34.89854049682617
            ],
            "LP": [
              -26.329906463623047,
              14.379376411437988
            ],
            "HN-D": [
              31.144643783569336,
              -12.165740013122559
            ],
            "HN-S": [
              31.227703094482422,
              4.936609745025635
            ],
            "LN": [
              31.067846298217773,
              0.6722992062568665
            ],
            "NB": [
              -30.26596450805664,
              27.075902938842773
            ]
          },
          "procrustes_rotation_deg": 6.107882022857666,
          "procrustes_residual": 7.652803897857666
        },
        "ministral": {
          "centroids": {
            "HP": [
              3.665947675704956,
              3.7083659172058105
            ],
            "LP": [
              3.6506550312042236,
              -0.6862844228744507
            ],
            "HN-D": [
              -4.544850826263428,
              1.0598112344741821
            ],
            "HN-S": [
              -3.106861114501953,
              -0.5731790661811829
            ],
            "LN": [
              -3.1923952102661133,
              -1.1413406133651733
            ],
            "NB": [
              3.576002359390259,
              -2.3121042251586914
            ]
          },
          "procrustes_rotation_deg": -166.647705078125,
          "procrustes_residual": 8.350173950195312
        }
      }
    },
    {
      "plane": "PC2 \u00d7 PC3",
      "pc_indices": [
        1,
        2
      ],
      "common_quadrants": [
        "HP",
        "LP",
        "HN-D",
        "HN-S",
        "LN",
        "NB"
      ],
      "models": {
        "gemma": {
          "centroids": {
            "HP": [
              2.7294702529907227,
              -5.841027736663818
            ],
            "LP": [
              3.165961503982544,
              6.224995136260986
            ],
            "HN-D": [
              -5.401418209075928,
              -1.7691066265106201
            ],
            "HN-S": [
              -4.7852301597595215,
              -2.347945213317871
            ],
            "LN": [
              8.490896224975586,
              -1.6071580648422241
            ],
            "NB": [
              -4.199748992919922,
              5.340433597564697
            ]
          },
          "procrustes_rotation_deg": 0.0,
          "procrustes_residual": 0.0
        },
        "qwen": {
          "centroids": {
            "HP": [
              1.7397432327270508,
              -34.89854049682617
            ],
            "LP": [
              18.24441909790039,
              14.379376411437988
            ],
            "HN-D": [
              -21.46384620666504,
              -12.165740013122559
            ],
            "HN-S": [
              -22.032930374145508,
              4.936609745025635
            ],
            "LN": [
              34.21637725830078,
              0.6722992062568665
            ],
            "NB": [
              -10.703758239746094,
              27.075902938842773
            ]
          },
          "procrustes_rotation_deg": -10.448159217834473,
          "procrustes_residual": 5.737895965576172
        },
        "ministral": {
          "centroids": {
            "HP": [
              1.2297149896621704,
              3.7083659172058105
            ],
            "LP": [
              1.7550185918807983,
              -0.6862844228744507
            ],
            "HN-D": [
              -3.126587390899658,
              1.0598112344741821
            ],