{
  "reference_model": "gemma",
  "common_quadrants": [
    "HP",
    "LP",
    "HN-D",
    "HN-S",
    "LN",
    "NB"
  ],
  "models": {
    "gemma": {
      "layer": 50,
      "n_rows": 960,
      "explained_variance_ratio_pc123": [
        0.3118194043636322,
        0.20066379010677338,
        0.1039946898818016
      ],
      "centroids_3d": {
        "HP": [
          -19.945268630981445,
          15.567230224609375,
          -7.342177391052246
        ],
        "LP": [
          -13.279790878295898,
          -8.723372459411621,
          3.6785857677459717
        ],
        "HN-D": [
          18.294048309326172,
          12.320032119750977,
          8.114315032958984
        ],
        "HN-S": [
          13.3037748336792,
          2.8136982917785645,
          -7.467770576477051
        ],
        "LN": [
          10.452850341796875,
          -13.106733322143555,
          -6.694746494293213
        ],
        "NB": [
          -8.825643539428711,
          -8.870835304260254,
          9.711820602416992
        ]
      },
      "procrustes_rotation_deg": 0.0,
      "procrustes_residual": 0.0,
      "procrustes_R": [
        [
          1.0,
          0.0,
          0.0
        ],
        [
          0.0,
          1.0,
          0.0
        ],
        [
          0.0,
          0.0,
          1.0
        ]
      ]
    },
    "qwen": {
      "layer": 59,
      "n_rows": 956,
      "explained_variance_ratio_pc123": [
        0.3192715644836426,
        0.17675165832042694,
        0.09226323664188385
      ],
      "centroids_3d": {
        "HP": [
          32.82347869873047,
          -66.27030944824219,
          -22.566587448120117
        ],
        "LP": [
          58.073822021484375,
          18.771465301513672,
          0.9427059888839722
        ],
        "HN-D": [
          -71.57186126708984,
          -16.843889236450195,
          28.213529586791992
        ],
        "HN-S": [
          -41.351654052734375,
          3.2035880088806152,
          -8.702527046203613
        ],
        "LN": [
          -24.499263763427734,
          41.76007080078125,
          -29.793272018432617
        ],
        "NB": [
          46.506317138671875,
          19.782039642333984,
          32.300048828125
        ]
      },
      "procrustes_rotation_deg": 160.653892556529,
      "procrustes_residual": 7.728092670440674,
      "procrustes_R": [
        [
          -0.9386652112007141,
          -0.3246060311794281,
          0.11635533720254898
        ],
        [
          0.335976779460907,
          -0.9368967413902283,
          0.09666396677494049
        ],
        [
          0.07763522863388062,
          0.1298278272151947,
          0.9884926080703735
        ]
      ]
    },
    "ministral": {
      "layer": 20,
      "n_rows": 926,
      "explained_variance_ratio_pc123": [
        0.2998046875,
        0.12747372686862946,
        0.07440804690122604
      ],
      "centroids_3d": {
        "HP": [
          2.7474451065063477,
          -6.63681697845459,
          -1.2552409172058105
        ],
        "LP": [
          5.931835174560547,
          0.6454408168792725,
          1.9264333248138428
        ],
        "HN-D": [
          -5.354957103729248,
          1.6270172595977783,
          -2.909806728363037
        ],
        "HN-S": [
          -4.316597938537598,
          0.6016898155212402,
          -0.25340020656585693
        ],
        "LN": [
          -4.239394664764404,
          0.16552172601222992,
          3.1628029346466064
        ],
        "NB": [
          5.53939151763916,
          3.319627285003662,
          -0.556428074836731
        ]
      },
      "procrustes_rotation_deg": 180.0,
      "procrustes_residual": 14.50106430053711,
      "procrustes_R": [
        [
          -0.9078561663627625,
          -0.23369616270065308,
          0.3481137752532959
        ],
        [
          0.4177987277507782,
          -0.5739912986755371,
          0.7042571306228638
        ],
        [
          -0.035232063382864,
          -0.7848056554794312,
          -0.6187395453453064
        ]
      ]
    }
  }
}