{
  "reference_model": "gemma",
  "models": {
    "gemma": {
      "layer": 50,
      "n_rows": 960,
      "explained_variance_ratio_pc123": [
        0.11158178001642227,
        0.073138527572155,
        0.0629529282450676
      ]
    },
    "qwen": {
      "layer": 59,
      "n_rows": 960,
      "explained_variance_ratio_pc123": [
        0.14657922089099884,
        0.09548218548297882,
        0.06891898065805435
      ]
    },
    "ministral": {
      "layer": 20,
      "n_rows": 928,
      "explained_variance_ratio_pc123": [
        0.18775232136249542,
        0.100368931889534,
        0.05323448404669762
      ]
    }
  },
  "planes": [
    {
      "plane": "PC1 \u00d7 PC2",
      "pc_indices": [
        0,
        1
      ],
      "common_quadrants": [
        "HP",
        "LP",
        "HN-D",
        "HN-S",
        "LN",
        "NB"
      ],
      "models": {
        "gemma": {
          "centroids": {
            "HP": [
              -9.68300724029541,
              -4.788788795471191
            ],
            "LP": [
              -3.5477828979492188,
              6.849177360534668
            ],
            "HN-D": [
              5.092353820800781,
              -3.2394821643829346
            ],
            "HN-S": [
              6.203097343444824,
              -3.0005240440368652
            ],
            "LN": [
              7.585596561431885,
              -1.2900899648666382
            ],
            "NB": [
              -5.650269508361816,
              5.469681739807129
            ]
          },
          "procrustes_rotation_deg": 0.0,
          "procrustes_residual": 0.0
        },
        "qwen": {
          "centroids": {
            "HP": [
              -30.821826934814453,
              2.8124423027038574
            ],
            "LP": [
              -23.092607498168945,
              15.964428901672363
            ],
            "HN-D": [
              27.99627685546875,
              -18.580509185791016
            ],
            "HN-S": [
              26.322223663330078,
              -19.77128791809082
            ],
            "LN": [
              27.669042587280273,
              29.523334503173828
            ],
            "NB": [
              -28.073169708251953,
              -9.948355674743652
            ]
          },
          "procrustes_rotation_deg": 16.486164093017578,
          "procrustes_residual": 12.912802696228027
        },
        "ministral": {
          "centroids": {
            "HP": [
              3.363307476043701,
              0.9646713733673096
            ],
            "LP": [
              3.3264050483703613,
              1.425955057144165
            ],
            "HN-D": [
              -4.29349422454834,
              -2.7080540657043457
            ],
            "HN-S": [
              -2.9115042686462402,
              -1.5574790239334106
            ],
            "LN": [
              -2.6114652156829834,
              3.1174819469451904
            ],
            "NB": [
              3.1864376068115234,
              -1.0356379747390747
            ]
          },
          "procrustes_rotation_deg": 162.31741333007812,
          "procrustes_residual": 13.985682487487793
        }
      }
    },
    {
      "plane": "PC1 \u00d7 PC3",
      "pc_indices": [
        0,
        2
      ],
      "common_quadrants": [
        "HP",
        "LP",
        "HN-D",
        "HN-S",
        "LN",
        "NB"
      ],
      "models": {
        "gemma": {
          "centroids": {
            "HP": [
              -9.68300724029541,
              -2.691843032836914
            ],
            "LP": [
              -3.5477828979492188,
              -2.3640899658203125
            ],
            "HN-D": [
              5.092353820800781,
              5.347949981689453
            ],
            "HN-S": [
              6.203097343444824,
              4.219740390777588
            ],
            "LN": [
              7.585596561431885,
              -7.359095573425293
            ],
            "NB": [
              -5.650269508361816,
              2.847323179244995
            ]
          },
          "procrustes_rotation_deg": 0.0,
          "procrustes_residual": 0.0
        },
        "qwen": {
          "centroids": {
            "HP": [
              -30.821826934814453,
              -31.250106811523438
            ],
            "LP": [
              -23.092607498168945,
              12.324793815612793
            ],
            "HN-D": [
              27.99627685546875,
              -10.114468574523926
            ],
            "HN-S": [
              26.322223663330078,
              4.1611762046813965
            ],
            "LN": [
              27.669042587280273,
              2.5498833656311035
            ],
            "NB": [
              -28.073169708251953,
              22.32868766784668
            ]
          },
          "procrustes_rotation_deg": 0.5919376611709595,
          "procrustes_residual": 14.545594215393066
        },
        "ministral": {
          "centroids": {
            "HP": [
              3.363307476043701,
              3.033496141433716
            ],
            "LP": [
              3.3264050483703613,
              -0.7680748105049133
            ],
            "HN-D": [
              -4.29349422454834,
              0.8248805999755859
            ],
            "HN-S": [
              -2.9115042686462402,
              -0.2877986431121826
            ],
            "LN": [
              -2.6114652156829834,
              -0.5645983219146729
            ],
            "NB": [
              3.1864376068115234,
              -2.173292875289917
            ]
          },
          "procrustes_rotation_deg": 176.56634521484375,
          "procrustes_residual": 14.584189414978027
        }
      }
    },
    {
      "plane": "PC2 \u00d7 PC3",
      "pc_indices": [
        1,
        2
      ],
      "common_quadrants": [
        "HP",
        "LP",
        "HN-D",
        "HN-S",
        "LN",
        "NB"
      ],
      "models": {
        "gemma": {
          "centroids": {
            "HP": [
              -4.788788795471191,
              -2.691843032836914
            ],
            "LP": [
              6.849177360534668,
              -2.3640899658203125
            ],
            "HN-D": [
              -3.2394821643829346,
              5.347949981689453
            ],
            "HN-S": [
              -3.0005240440368652,
              4.219740390777588
            ],
            "LN": [
              -1.2900899648666382,
              -7.359095573425293
            ],
            "NB": [
              5.469681739807129,
              2.847323179244995
            ]
          },
          "procrustes_rotation_deg": 0.0,
          "procrustes_residual": 0.0
        },
        "qwen": {
          "centroids": {
            "HP": [
              2.8124423027038574,
              -31.250106811523438
            ],
            "LP": [
              15.964428901672363,
              12.324793815612793
            ],
            "HN-D": [
              -18.580509185791016,
              -10.114468574523926
            ],
            "HN-S": [
              -19.77128791809082,
              4.1611762046813965
            ],
            "LN": [
              29.523334503173828,
              2.5498833656311035
            ],
            "NB": [
              -9.948355674743652,
              22.32868766784668
            ]
          },
          "procrustes_rotation_deg": 77.60313415527344,
          "procrustes_residual": 6.504081726074219
        },
        "ministral": {
          "centroids": {
            "HP": [
              0.9646713733673096,
              3.033496141433716
            ],
            "LP": [
              1.425955057144165,
              -0.7680748105049133
            ],
            "HN-D": [
              -2.7080540657043457,
              0.8248805999755859
            ],