{
  "reference_model": "gemma",
  "models": {
    "gemma": {
      "layer": 50,
      "n_rows": 960,
      "explained_variance_ratio_pc123": [
        0.3118194341659546,
        0.20066390931606293,
        0.1039946898818016
      ]
    },
    "qwen": {
      "layer": 59,
      "n_rows": 956,
      "explained_variance_ratio_pc123": [
        0.3192715346813202,
        0.1767515391111374,
        0.09226345270872116
      ]
    },
    "ministral": {
      "layer": 20,
      "n_rows": 926,
      "explained_variance_ratio_pc123": [
        0.2998046278953552,
        0.12747372686862946,
        0.07440797984600067
      ]
    }
  },
  "planes": [
    {
      "plane": "PC1 \u00d7 PC2",
      "pc_indices": [
        0,
        1
      ],
      "common_quadrants": [
        "HP",
        "LP",
        "HN-D",
        "HN-S",
        "LN",
        "NB"
      ],
      "models": {
        "gemma": {
          "centroids": {
            "HP": [
              -19.945276260375977,
              15.567227363586426
            ],
            "LP": [
              -13.27978801727295,
              -8.723380088806152
            ],
            "HN-D": [
              18.294052124023438,
              12.320043563842773
            ],
            "HN-S": [
              13.303802490234375,
              2.8136963844299316
            ],
            "LN": [
              10.452866554260254,
              -13.106756210327148
            ],
            "NB": [
              -8.825636863708496,
              -8.87083911895752
            ]
          },
          "procrustes_rotation_deg": 0.0,
          "procrustes_residual": 0.0
        },
        "qwen": {
          "centroids": {
            "HP": [
              32.82338333129883,
              -66.27030181884766
            ],
            "LP": [
              58.073829650878906,
              18.771408081054688
            ],
            "HN-D": [
              -71.57188415527344,
              -16.84382438659668
            ],
            "HN-S": [
              -41.35158920288086,
              3.2036163806915283
            ],
            "LN": [
              -24.499225616455078,
              41.76010513305664
            ],
            "NB": [
              46.50634002685547,
              19.78203773498535
            ]
          },
          "procrustes_rotation_deg": 160.45729064941406,
          "procrustes_residual": 6.897104740142822
        },
        "ministral": {
          "centroids": {
            "HP": [
              2.747426748275757,
              -6.636817455291748
            ],
            "LP": [
              5.9318318367004395,
              0.6454288959503174
            ],
            "HN-D": [
              -5.35495138168335,
              1.627028226852417
            ],
            "HN-S": [
              -4.316596984863281,
              0.6016948819160461
            ],
            "LN": [
              -4.2393951416015625,
              0.16552066802978516
            ],
            "NB": [
              5.539397716522217,
              3.3196234703063965
            ]
          },
          "procrustes_rotation_deg": 156.8050079345703,
          "procrustes_residual": 23.025554656982422
        }
      }
    },
    {
      "plane": "PC1 \u00d7 PC3",
      "pc_indices": [
        0,
        2
      ],
      "common_quadrants": [
        "HP",
        "LP",
        "HN-D",
        "HN-S",
        "LN",
        "NB"
      ],
      "models": {
        "gemma": {
          "centroids": {
            "HP": [
              -19.945276260375977,
              -7.342197418212891
            ],
            "LP": [
              -13.27978801727295,
              3.6785836219787598
            ],
            "HN-D": [
              18.294052124023438,
              8.114313125610352
            ],
            "HN-S": [
              13.303802490234375,
              -7.467759609222412
            ],
            "LN": [
              10.452866554260254,
              -6.694760322570801
            ],
            "NB": [
              -8.825636863708496,
              9.711834907531738
            ]
          },
          "procrustes_rotation_deg": 0.0,
          "procrustes_residual": 0.0
        },
        "qwen": {
          "centroids": {
            "HP": [
              32.82338333129883,
              -22.566635131835938
            ],
            "LP": [
              58.073829650878906,
              0.9427844882011414
            ],
            "HN-D": [
              -71.57188415527344,
              28.21360969543457
            ],
            "HN-S": [
              -41.35158920288086,
              -8.702627182006836
            ],
            "LN": [
              -24.499225616455078,
              -29.79329490661621
            ],
            "NB": [
              46.50634002685547,
              32.30002212524414
            ]
          },
          "procrustes_rotation_deg": 173.54225158691406,
          "procrustes_residual": 13.774870872497559
        },
        "ministral": {
          "centroids": {
            "HP": [
              2.747426748275757,
              -1.2552486658096313
            ],
            "LP": [
              5.9318318367004395,
              1.9264355897903442
            ],
            "HN-D": [
              -5.35495138168335,
              -2.909803867340088
            ],
            "HN-S": [
              -4.316596984863281,
              -0.2534029483795166
            ],
            "LN": [
              -4.2393951416015625,
              3.16280198097229
            ],
            "NB": [
              5.539397716522217,
              -0.5564218759536743
            ]
          },
          "procrustes_rotation_deg": -167.50350952148438,
          "procrustes_residual": 23.27497100830078
        }
      }
    },
    {
      "plane": "PC2 \u00d7 PC3",
      "pc_indices": [
        1,
        2
      ],
      "common_quadrants": [
        "HP",
        "LP",
        "HN-D",
        "HN-S",
        "LN",
        "NB"
      ],
      "models": {
        "gemma": {
          "centroids": {
            "HP": [
              15.567227363586426,
              -7.342197418212891
            ],
            "LP": [
              -8.723380088806152,
              3.6785836219787598
            ],
            "HN-D": [
              12.320043563842773,
              8.114313125610352
            ],
            "HN-S": [
              2.8136963844299316,
              -7.467759609222412
            ],
            "LN": [
              -13.106756210327148,
              -6.694760322570801
            ],
            "NB": [
              -8.87083911895752,
              9.711834907531738
            ]
          },
          "procrustes_rotation_deg": 0.0,
          "procrustes_residual": 0.0
        },
        "qwen": {
          "centroids": {
            "HP": [
              -66.27030181884766,
              -22.566635131835938
            ],
            "LP": [
              18.771408081054688,
              0.9427844882011414
            ],
            "HN-D": [
              -16.84382438659668,
              28.21360969543457
            ],
            "HN-S": [
              3.2036163806915283,
              -8.702627182006836
            ],
            "LN": [
              41.76010513305664,
              -29.79329490661621
            ],
            "NB": [
              19.78203773498535,
              32.30002212524414
            ]
          },
          "procrustes_rotation_deg": 173.08489990234375,
          "procrustes_residual": 11.637665748596191
        },
        "ministral": {
          "centroids": {
            "HP": [
              -6.636817455291748,
              -1.2552486658096313
            ],
            "LP": [
              0.6454288959503174,
              1.9264355897903442
            ],
            "HN-D": [
              1.627028226852417,
              -2.909803867340088
            ],