component	explained_variance_pct	t0_happy.sad_r	tlast_happy.sad_r	t0_angry.calm_r	tlast_angry.calm_r	t0_fearful.unflinching_r	tlast_fearful.unflinching_r
PC1	27.56391716003418	0.909617358542313	0.845919433390002	-0.9574041231660361	-0.6483130190911681	-0.9334015472222621	-0.7185154876958284
PC2	14.057137489318848	0.35893369632727323	0.2198054840453578	0.19502149010735728	0.22689243915950044	-0.03933376440732995	0.03995108725754909
PC3	7.516193389892578	-0.08132830691351348	-0.022948582848639418	0.1285929451991359	-0.012578579825170258	0.16508068743425305	0.03205822549859927
PC4	6.015364646911621	-0.11853711974823264	-0.07707060844230337	-0.06294871641667416	-0.08329057064421616	0.24664958787806138	0.12110814276876926
PC5	3.3422443866729736	-0.07553151788727741	-0.026087410385829346	-0.043835231786541806	-0.0729946702913146	0.08583039651476687	-0.014751466942623298
PC6	2.3316433429718018	-0.0012384838496848644	-0.007341373002021418	0.015369018857453082	0.0014367432268521086	0.018656903192865375	0.044834969592270325
PC7	2.1036860942840576	-0.011329234632661583	0.043240378735460216	0.025850403367975144	0.006101517887158922	0.06671563081230747	-0.02605973930615474
PC8	1.624569058418274	0.009647641686941918	-0.08436007690532707	-0.029139032681151384	0.00929375574224015	0.0889504944680045	0.08941691097028737
